Unnamed: 0.1,Unnamed: 0,Date,Country,Status,AQI Value
7272,10131,2023-03-30,Andorra,Good,35
7273,10133,2023-03-30,Argentina,Good,25
7274,10134,2023-03-30,Armenia,Good,30
7275,10135,2023-03-30,Australia,Good,29
7276,10136,2023-03-30,Austria,Good,24
7277,10137,2023-03-30,Azerbaijan,Good,40
7278,10138,2023-03-30,Bangladesh,Unhealthy for Sensitive Groups,150
7279,10139,2023-03-30,Belarus,Moderate,54
7280,10140,2023-03-30,Belgium,Good,32
7281,10144,2023-03-30,Bosnia and Herzegovina,Moderate,61
7282,10145,2023-03-30,Brazil,Moderate,58
7283,10146,2023-03-30,Brunei,Good,10
7284,10147,2023-03-30,Bulgaria,Good,31
7285,10150,2023-03-30,Canada,Moderate,66
7286,10151,2023-03-30,Cape Verde,Moderate,53
7287,10155,2023-03-30,Chile,Moderate,71
7288,10156,2023-03-30,China,Very Unhealthy,273
7289,10157,2023-03-30,Colombia,Moderate,86
7290,10159,2023-03-30,Croatia,Good,28
7291,10160,2023-03-30,Cyprus,Good,44
7292,10161,2023-03-30,Czech Republic,Moderate,82
7293,10162,2023-03-30,Denmark,Good,33
7294,10163,2023-03-30,Dominican Republic,Good,19
7295,10164,2023-03-30,Ecuador,Moderate,78
7296,10167,2023-03-30,Estonia,Good,25
7297,10168,2023-03-30,Ethiopia,Unhealthy,151
7298,10169,2023-03-30,Finland,Moderate,69
7299,10170,2023-03-30,France,Moderate,62
7300,10171,2023-03-30,French Guiana,Good,33
7301,10173,2023-03-30,Georgia,Good,34
7302,10174,2023-03-30,Germany,Good,50
7303,10175,2023-03-30,Ghana,Moderate,54
7304,10177,2023-03-30,Greece,Good,39
7305,10179,2023-03-30,Guadeloupe,Good,14
7306,10181,2023-03-30,Guatemala,Moderate,53
7307,10183,2023-03-30,Hong Kong,Moderate,58
7308,10184,2023-03-30,Iceland,Good,24
7309,10185,2023-03-30,India,Unhealthy,172
7310,10186,2023-03-30,Indonesia,Moderate,66
7311,10189,2023-03-30,Ireland,Moderate,52
7312,10190,2023-03-30,Israel,Moderate,57
7313,10191,2023-03-30,Italy,Moderate,52
7314,10193,2023-03-30,Japan,Moderate,80
7315,10195,2023-03-30,Jordan,Good,23
7316,10196,2023-03-30,Kazakhstan,Unhealthy for Sensitive Groups,104
7317,10197,2023-03-30,Kenya,Moderate,77
7318,10199,2023-03-30,Kuwait,Moderate,65
7319,10200,2023-03-30,Kyrgyzstan,Moderate,90
7320,10201,2023-03-30,Laos,Unhealthy,188
7321,10202,2023-03-30,Latvia,Good,50
7322,10204,2023-03-30,Liechtenstein,Good,28
7323,10205,2023-03-30,Lithuania,Good,23
7324,10207,2023-03-30,Macao,Moderate,55
7325,10208,2023-03-30,Macedonia,Unhealthy for Sensitive Groups,105
7326,10209,2023-03-30,Madagascar,Good,37
7327,10210,2023-03-30,Malaysia,Moderate,63
7328,10211,2023-03-30,Malta,Good,30
7329,10212,2023-03-30,Martinique,Good,18
7330,10213,2023-03-30,Mexico,Unhealthy,156
7331,10214,2023-03-30,Moldova,Good,43
7332,10215,2023-03-30,Monaco,Good,23
7333,10216,2023-03-30,Mongolia,Moderate,88
7334,10217,2023-03-30,Montenegro,Moderate,62
7335,10218,2023-03-30,Myanmar,Very Unhealthy,298
7336,10219,2023-03-30,Nepal,Unhealthy,173
7337,10220,2023-03-30,Netherlands,Good,50
7338,10222,2023-03-30,New Zealand,Good,24
7339,10223,2023-03-30,Nigeria,Moderate,74
7340,10224,2023-03-30,Norway,Moderate,53
7341,10225,2023-03-30,Pakistan,Moderate,66
7342,10226,2023-03-30,Palestinian Territory,Good,36
7343,10227,2023-03-30,Peru,Good,46
7344,10228,2023-03-30,Philippines,Moderate,52
7345,10229,2023-03-30,Poland,Moderate,91
7346,10230,2023-03-30,Portugal,Good,26
7347,10233,2023-03-30,Reunion,Good,10
7348,10234,2023-03-30,Romania,Unhealthy for Sensitive Groups,134
7349,10235,2023-03-30,Russia,Moderate,60
7350,10236,2023-03-30,San Marino,Good,40
7351,10239,2023-03-30,Serbia,Unhealthy,162
7352,10240,2023-03-30,Singapore,Good,46
7353,10241,2023-03-30,Slovakia,Moderate,69
7354,10242,2023-03-30,Slovenia,Good,34
7355,10243,2023-03-30,South Africa,Unhealthy for Sensitive Groups,117
7356,10244,2023-03-30,South Korea,Unhealthy,163
7357,10245,2023-03-30,Spain,Moderate,72
7358,10246,2023-03-30,Sri Lanka,Moderate,55
7359,10248,2023-03-30,Sweden,Good,44
7360,10249,2023-03-30,Switzerland,Good,31
7361,10250,2023-03-30,Taiwan,Moderate,95
7362,10251,2023-03-30,Tajikistan,Moderate,77
7363,10252,2023-03-30,Thailand,Hazardous,380
7364,10254,2023-03-30,Trinidad and Tobago,Good,48
7365,10255,2023-03-30,Turkey,Moderate,89
7366,10257,2023-03-30,Uganda,Unhealthy for Sensitive Groups,125
7367,10258,2023-03-30,Ukraine,Unhealthy for Sensitive Groups,117
7368,10259,2023-03-30,United Arab Emirates,Moderate,55
7369,10260,2023-03-30,United Kingdom of Great Britain and Northern Ireland,Moderate,64
7370,10261,2023-03-30,United States of America,Moderate,87
7371,10263,2023-03-30,Vatican,Good,50
7372,10265,2023-03-30,Vietnam,Unhealthy for Sensitive Groups,150
7373,10269,2023-04-06,Andorra,Good,19
7374,10271,2023-04-06,Argentina,Good,18
7375,10272,2023-04-06,Armenia,Good,42
7376,10273,2023-04-06,Australia,Moderate,66
7377,10274,2023-04-06,Austria,Moderate,56
7378,10275,2023-04-06,Azerbaijan,Good,44
7379,10277,2023-04-06,Bangladesh,Unhealthy for Sensitive Groups,135
7380,10278,2023-04-06,Belarus,Moderate,61
7381,10279,2023-04-06,Belgium,Moderate,84
7382,10283,2023-04-06,Bosnia and Herzegovina,Moderate,87
7383,10284,2023-04-06,Brazil,Moderate,59
7384,10285,2023-04-06,Brunei,Good,13
7385,10286,2023-04-06,Bulgaria,Good,20
7386,10289,2023-04-06,Canada,Moderate,66
7387,10290,2023-04-06,Cape Verde,Good,27
7388,10294,2023-04-06,Chile,Moderate,72
7389,10295,2023-04-06,China,Hazardous,325
7390,10296,2023-04-06,Colombia,Moderate,92
7391,10298,2023-04-06,Croatia,Good,47
7392,10299,2023-04-06,Cyprus,Moderate,55
7393,10300,2023-04-06,Czech Republic,Unhealthy for Sensitive Groups,131
7394,10301,2023-04-06,Denmark,Good,27
7395,10302,2023-04-06,Dominican Republic,Good,20
7396,10303,2023-04-06,Ecuador,Good,23
7397,10306,2023-04-06,Estonia,Good,30
7398,10307,2023-04-06,Ethiopia,Moderate,93
7399,10308,2023-04-06,Finland,Moderate,69
7400,10309,2023-04-06,France,Moderate,82
7401,10310,2023-04-06,French Guiana,Moderate,100
7402,10312,2023-04-06,Georgia,Moderate,61
7403,10313,2023-04-06,Germany,Moderate,74
7404,10314,2023-04-06,Ghana,Moderate,56
7405,10316,2023-04-06,Greece,Moderate,55
7406,10318,2023-04-06,Guadeloupe,Good,18
7407,10320,2023-04-06,Guatemala,Unhealthy for Sensitive Groups,131
7408,10322,2023-04-06,Hong Kong,Moderate,62
7409,10323,2023-04-06,Iceland,Good,13
7410,10324,2023-04-06,India,Unhealthy,174
7411,10325,2023-04-06,Indonesia,Moderate,80
7412,10328,2023-04-06,Ireland,Good,27
7413,10329,2023-04-06,Israel,Moderate,77
7414,10330,2023-04-06,Italy,Moderate,69
7415,10332,2023-04-06,Japan,Moderate,80
7416,10334,2023-04-06,Jordan,Good,22
7417,10335,2023-04-06,Kazakhstan,Moderate,84
7418,10336,2023-04-06,Kenya,Good,43
7419,10338,2023-04-06,Kuwait,Moderate,95
7420,10339,2023-04-06,Kyrgyzstan,Moderate,61
7421,10340,2023-04-06,Laos,Very Unhealthy,280
7422,10341,2023-04-06,Latvia,Good,33
7423,10344,2023-04-06,Liechtenstein,Good,17
7424,10345,2023-04-06,Lithuania,Good,21
7425,10347,2023-04-06,Macao,Moderate,63
7426,10348,2023-04-06,Macedonia,Moderate,65
7427,10349,2023-04-06,Madagascar,Moderate,75
7428,10350,2023-04-06,Malaysia,Moderate,67
7429,10351,2023-04-06,Malta,Good,32
7430,10352,2023-04-06,Martinique,Good,44
7431,10353,2023-04-06,Mexico,Unhealthy for Sensitive Groups,130
7432,10354,2023-04-06,Moldova,Good,20
7433,10355,2023-04-06,Monaco,Good,33
7434,10356,2023-04-06,Mongolia,Moderate,77
7435,10357,2023-04-06,Montenegro,Moderate,51
7436,10358,2023-04-06,Myanmar,Hazardous,345
7437,10359,2023-04-06,Nepal,Moderate,91
7438,10360,2023-04-06,Netherlands,Moderate,85
7439,10362,2023-04-06,New Zealand,Good,27
7440,10363,2023-04-06,Nigeria,Moderate,99
7441,10364,2023-04-06,Norway,Good,21
7442,10365,2023-04-06,Pakistan,Moderate,66
7443,10366,2023-04-06,Palestinian Territory,Moderate,52
7444,10367,2023-04-06,Peru,Good,47
7445,10368,2023-04-06,Philippines,Good,33
7446,10369,2023-04-06,Poland,Unhealthy for Sensitive Groups,132
7447,10370,2023-04-06,Portugal,Good,33
7448,10373,2023-04-06,Reunion,Good,14
7449,10374,2023-04-06,Romania,Moderate,89
7450,10375,2023-04-06,Russia,Moderate,70
7451,10376,2023-04-06,San Marino,Good,38
7452,10379,2023-04-06,Serbia,Unhealthy for Sensitive Groups,143
7453,10380,2023-04-06,Singapore,Good,46
7454,10381,2023-04-06,Slovakia,Moderate,68
7455,10382,2023-04-06,Slovenia,Moderate,68
7456,10383,2023-04-06,South Africa,Moderate,84
7457,10384,2023-04-06,South Korea,Very Unhealthy,271
7458,10385,2023-04-06,Spain,Moderate,71
7459,10386,2023-04-06,Sri Lanka,Good,44
7460,10388,2023-04-06,Sweden,Good,48
7461,10389,2023-04-06,Switzerland,Good,23
7462,10390,2023-04-06,Taiwan,Moderate,82
7463,10391,2023-04-06,Tajikistan,Good,48
7464,10392,2023-04-06,Thailand,Hazardous,437
7465,10394,2023-04-06,Trinidad and Tobago,Moderate,74
7466,10395,2023-04-06,Turkey,Unhealthy for Sensitive Groups,113
7467,10397,2023-04-06,Uganda,Moderate,98
7468,10398,2023-04-06,Ukraine,Moderate,71
7469,10399,2023-04-06,United Arab Emirates,Moderate,68
7470,10400,2023-04-06,United Kingdom of Great Britain and Northern Ireland,Moderate,64
7471,10401,2023-04-06,United States of America,Moderate,86
7472,10403,2023-04-06,Vatican,Good,38
7473,10405,2023-04-06,Vietnam,Unhealthy,155
7474,10409,2023-04-13,Andorra,Good,16
7475,10411,2023-04-13,Argentina,Good,15
7476,10412,2023-04-13,Armenia,Good,21
7477,10413,2023-04-13,Australia,Good,46
7478,10414,2023-04-13,Austria,Good,18
7479,10415,2023-04-13,Azerbaijan,Moderate,57
7480,10417,2023-04-13,Bangladesh,Unhealthy,164
7481,10418,2023-04-13,Belarus,Moderate,56
7482,10419,2023-04-13,Belgium,Good,28
7483,10423,2023-04-13,Bosnia and Herzegovina,Moderate,63
7484,10424,2023-04-13,Brazil,Moderate,58
7485,10425,2023-04-13,Brunei,Good,17
7486,10426,2023-04-13,Bulgaria,Good,24
7487,10429,2023-04-13,Canada,Moderate,63
7488,10430,2023-04-13,Cape Verde,Moderate,73
7489,10434,2023-04-13,Chile,Moderate,98
7490,10435,2023-04-13,China,Hazardous,560
7491,10436,2023-04-13,Colombia,Moderate,80
7492,10438,2023-04-13,Croatia,Moderate,61
7493,10439,2023-04-13,Cyprus,Good,40
7494,10440,2023-04-13,Czech Republic,Moderate,81
7495,10441,2023-04-13,Denmark,Good,23
7496,10442,2023-04-13,Dominican Republic,Moderate,56
7497,10443,2023-04-13,Ecuador,Moderate,52
7498,10446,2023-04-13,Estonia,Good,34
7499,10447,2023-04-13,Ethiopia,Moderate,95
7500,10448,2023-04-13,Finland,Moderate,63
7501,10449,2023-04-13,France,Good,45
7502,10450,2023-04-13,French Guiana,Good,16
7503,10452,2023-04-13,Georgia,Moderate,79
7504,10453,2023-04-13,Germany,Good,41
7505,10454,2023-04-13,Ghana,Moderate,67
7506,10456,2023-04-13,Greece,Moderate,54
7507,10458,2023-04-13,Guadeloupe,Good,12
7508,10460,2023-04-13,Guatemala,Moderate,99
7509,10462,2023-04-13,Hong Kong,Moderate,82
7510,10463,2023-04-13,Iceland,Good,12
7511,10464,2023-04-13,India,Very Unhealthy,231
7512,10465,2023-04-13,Indonesia,Moderate,75
7513,10468,2023-04-13,Ireland,Good,31
7514,10469,2023-04-13,Israel,Moderate,52
7515,10470,2023-04-13,Italy,Moderate,59
7516,10472,2023-04-13,Japan,Unhealthy for Sensitive Groups,118
7517,10474,2023-04-13,Jordan,Good,25
7518,10475,2023-04-13,Kazakhstan,Moderate,79
7519,10476,2023-04-13,Kenya,Unhealthy for Sensitive Groups,101
7520,10478,2023-04-13,Kuwait,Unhealthy for Sensitive Groups,111
7521,10479,2023-04-13,Kyrgyzstan,Good,48
7522,10480,2023-04-13,Laos,Very Unhealthy,205
7523,10481,2023-04-13,Latvia,Moderate,53
7524,10484,2023-04-13,Liechtenstein,Good,4
7525,10485,2023-04-13,Lithuania,Good,30
7526,10487,2023-04-13,Macao,Moderate,80
7527,10488,2023-04-13,Macedonia,Moderate,69
7528,10489,2023-04-13,Madagascar,Moderate,67
7529,10490,2023-04-13,Malaysia,Moderate,99
7530,10491,2023-04-13,Malta,Moderate,54
7531,10492,2023-04-13,Martinique,Good,20
7532,10493,2023-04-13,Mexico,Unhealthy for Sensitive Groups,127
7533,10494,2023-04-13,Moldova,Good,33
7534,10495,2023-04-13,Monaco,Good,24
7535,10496,2023-04-13,Mongolia,Moderate,75
7536,10497,2023-04-13,Montenegro,Moderate,68
7537,10498,2023-04-13,Myanmar,Hazardous,306
7538,10499,2023-04-13,Nepal,Unhealthy,200
7539,10500,2023-04-13,Netherlands,Good,31
7540,10502,2023-04-13,New Zealand,Good,16
7541,10503,2023-04-13,Nigeria,Unhealthy for Sensitive Groups,110
7542,10504,2023-04-13,Norway,Moderate,56
7543,10505,2023-04-13,Pakistan,Moderate,98
7544,10506,2023-04-13,Palestinian Territory,Good,31
7545,10507,2023-04-13,Peru,Good,47
7546,10508,2023-04-13,Philippines,Moderate,98
7547,10509,2023-04-13,Poland,Unhealthy for Sensitive Groups,103
7548,10510,2023-04-13,Portugal,Good,30
7549,10513,2023-04-13,Reunion,Good,12
7550,10514,2023-04-13,Romania,Moderate,94
7551,10515,2023-04-13,Russia,Moderate,96
7552,10516,2023-04-13,San Marino,Good,39
7553,10519,2023-04-13,Serbia,Unhealthy for Sensitive Groups,102
7554,10520,2023-04-13,Singapore,Moderate,86
7555,10521,2023-04-13,Slovakia,Moderate,63
7556,10522,2023-04-13,Slovenia,Moderate,53
7557,10523,2023-04-13,South Africa,Unhealthy for Sensitive Groups,117
7558,10524,2023-04-13,South Korea,Unhealthy for Sensitive Groups,149
7559,10525,2023-04-13,Spain,Moderate,92
7560,10526,2023-04-13,Sri Lanka,Unhealthy for Sensitive Groups,101
7561,10528,2023-04-13,Sweden,Moderate,57
7562,10529,2023-04-13,Switzerland,Good,27
7563,10530,2023-04-13,Taiwan,Unhealthy for Sensitive Groups,133
7564,10531,2023-04-13,Tajikistan,Moderate,70
7565,10532,2023-04-13,Thailand,Very Unhealthy,300
7566,10534,2023-04-13,Trinidad and Tobago,Good,28
7567,10535,2023-04-13,Turkey,Moderate,83
7568,10537,2023-04-13,Uganda,Moderate,72
7569,10538,2023-04-13,Ukraine,Moderate,77
7570,10539,2023-04-13,United Arab Emirates,Unhealthy,194
7571,10540,2023-04-13,United Kingdom of Great Britain and Northern Ireland,Good,44
7572,10541,2023-04-13,United States of America,Unhealthy for Sensitive Groups,123
7573,10543,2023-04-13,Vatican,Good,46
7574,10545,2023-04-13,Vietnam,Unhealthy for Sensitive Groups,134
7575,10549,2023-04-20,Andorra,Good,30
7576,10551,2023-04-20,Argentina,Good,50
7577,10552,2023-04-20,Armenia,Good,27
7578,10553,2023-04-20,Australia,Good,32
7579,10554,2023-04-20,Austria,Moderate,60
7580,10555,2023-04-20,Azerbaijan,Good,43
7581,10557,2023-04-20,Bangladesh,Unhealthy,163
7582,10558,2023-04-20,Belarus,Moderate,68
7583,10559,2023-04-20,Belgium,Moderate,51
7584,10563,2023-04-20,Bosnia and Herzegovina,Moderate,69
7585,10564,2023-04-20,Brazil,Moderate,55
7586,10565,2023-04-20,Brunei,Good,14
7587,10566,2023-04-20,Bulgaria,Good,19
7588,10569,2023-04-20,Canada,Good,37
7589,10570,2023-04-20,Cape Verde,Good,13
7590,10574,2023-04-20,Chile,Unhealthy for Sensitive Groups,134
7591,10575,2023-04-20,China,Hazardous,963
7592,10576,2023-04-20,Colombia,Moderate,76
7593,10578,2023-04-20,Croatia,Good,49
7594,10579,2023-04-20,Cyprus,Good,41
7595,10580,2023-04-20,Czech Republic,Moderate,88
7596,10581,2023-04-20,Denmark,Good,30
7597,10582,2023-04-20,Dominican Republic,Good,34
7598,10583,2023-04-20,Ecuador,Good,48
7599,10586,2023-04-20,Estonia,Good,26
7600,10587,2023-04-20,Ethiopia,Unhealthy for Sensitive Groups,104
7601,10588,2023-04-20,Finland,Moderate,91
7602,10589,2023-04-20,France,Moderate,57
7603,10590,2023-04-20,French Guiana,Good,23
7604,10592,2023-04-20,Georgia,Moderate,72
7605,10593,2023-04-20,Germany,Moderate,70
7606,10594,2023-04-20,Ghana,Unhealthy for Sensitive Groups,103
7607,10596,2023-04-20,Greece,Good,45
7608,10598,2023-04-20,Guadeloupe,Good,22
7609,10600,2023-04-20,Guatemala,Unhealthy for Sensitive Groups,125
7610,10602,2023-04-20,Hong Kong,Moderate,76
7611,10603,2023-04-20,Iceland,Good,28
7612,10604,2023-04-20,India,Very Unhealthy,235
7613,10605,2023-04-20,Indonesia,Moderate,68
7614,10608,2023-04-20,Ireland,Moderate,62
7615,10609,2023-04-20,Israel,Moderate,88
7616,10610,2023-04-20,Italy,Moderate,61
7617,10612,2023-04-20,Japan,Unhealthy for Sensitive Groups,131
7618,10614,2023-04-20,Jordan,Good,33
7619,10615,2023-04-20,Kazakhstan,Moderate,90
7620,10616,2023-04-20,Kenya,Moderate,53
7621,10618,2023-04-20,Kuwait,Unhealthy for Sensitive Groups,121
7622,10619,2023-04-20,Kyrgyzstan,Moderate,88
7623,10620,2023-04-20,Laos,Unhealthy,169
7624,10621,2023-04-20,Latvia,Good,34
7625,10624,2023-04-20,Liechtenstein,Good,10
7626,10625,2023-04-20,Lithuania,Good,32
7627,10627,2023-04-20,Macao,Unhealthy for Sensitive Groups,144
7628,10628,2023-04-20,Macedonia,Moderate,57
7629,10629,2023-04-20,Madagascar,Good,48
7630,10630,2023-04-20,Malaysia,Moderate,87
7631,10631,2023-04-20,Malta,Good,35
7632,10632,2023-04-20,Martinique,Good,38
7633,10633,2023-04-20,Mexico,Unhealthy for Sensitive Groups,131
7634,10634,2023-04-20,Moldova,Good,26
7635,10635,2023-04-20,Monaco,Good,34
7636,10636,2023-04-20,Mongolia,Moderate,68
7637,10637,2023-04-20,Montenegro,Good,50
7638,10638,2023-04-20,Myanmar,Unhealthy,175
7639,10639,2023-04-20,Nepal,Unhealthy,172
7640,10640,2023-04-20,Netherlands,Good,34
7641,10642,2023-04-20,New Zealand,Good,33
7642,10643,2023-04-20,Nigeria,Unhealthy for Sensitive Groups,104
7643,10644,2023-04-20,Norway,Moderate,67
7644,10645,2023-04-20,Pakistan,Good,47
7645,10646,2023-04-20,Palestinian Territory,Good,49
7646,10647,2023-04-20,Peru,Moderate,61
7647,10648,2023-04-20,Philippines,Good,47
7648,10649,2023-04-20,Poland,Moderate,85
7649,10650,2023-04-20,Portugal,Good,35
7650,10653,2023-04-20,Reunion,Good,12
7651,10654,2023-04-20,Romania,Unhealthy for Sensitive Groups,106
7652,10655,2023-04-20,Russia,Moderate,76
7653,10656,2023-04-20,San Marino,Good,46
7654,10659,2023-04-20,Serbia,Moderate,99
7655,10660,2023-04-20,Singapore,Moderate,51
7656,10661,2023-04-20,Slovakia,Moderate,61
7657,10662,2023-04-20,Slovenia,Good,41
7658,10663,2023-04-20,South Africa,Unhealthy,155
7659,10664,2023-04-20,South Korea,Moderate,96
7660,10665,2023-04-20,Spain,Moderate,71
7661,10666,2023-04-20,Sri Lanka,Moderate,78
7662,10668,2023-04-20,Sweden,Unhealthy for Sensitive Groups,122
7663,10669,2023-04-20,Switzerland,Good,28
7664,10670,2023-04-20,Taiwan,Moderate,61
7665,10671,2023-04-20,Tajikistan,Moderate,93
7666,10672,2023-04-20,Thailand,Unhealthy,196
7667,10674,2023-04-20,Trinidad and Tobago,Good,40
7668,10675,2023-04-20,Turkey,Moderate,96
7669,10677,2023-04-20,Uganda,Moderate,95
7670,10678,2023-04-20,Ukraine,Moderate,68
7671,10679,2023-04-20,United Arab Emirates,Moderate,74
7672,10680,2023-04-20,United Kingdom of Great Britain and Northern Ireland,Moderate,63
7673,10681,2023-04-20,United States of America,Moderate,98
7674,10683,2023-04-20,Vatican,Good,46
7675,10685,2023-04-20,Vietnam,Unhealthy,153
7676,10688,2023-04-27,Andorra,Good,23
7677,10690,2023-04-27,Argentina,Moderate,82
7678,10691,2023-04-27,Armenia,Good,24
7679,10692,2023-04-27,Australia,Good,46
7680,10693,2023-04-27,Austria,Good,41
7681,10694,2023-04-27,Azerbaijan,Good,37
7682,10696,2023-04-27,Bangladesh,Unhealthy,162
7683,10697,2023-04-27,Belarus,Good,21
7684,10698,2023-04-27,Belgium,Moderate,64
7685,10702,2023-04-27,Bosnia and Herzegovina,Moderate,58
7686,10703,2023-04-27,Brazil,Moderate,59
7687,10704,2023-04-27,Brunei,Good,10
7688,10705,2023-04-27,Bulgaria,Good,27
7689,10708,2023-04-27,Canada,Moderate,65
7690,10709,2023-04-27,Cape Verde,Good,12
7691,10712,2023-04-27,Chile,Unhealthy,188
7692,10713,2023-04-27,China,Unhealthy,166
7693,10714,2023-04-27,Colombia,Moderate,78
7694,10716,2023-04-27,Croatia,Good,36
7695,10717,2023-04-27,Cyprus,Moderate,53
7696,10718,2023-04-27,Czech Republic,Moderate,69
7697,10719,2023-04-27,Denmark,Good,22
7698,10720,2023-04-27,Dominican Republic,Good,29
7699,10721,2023-04-27,Ecuador,Moderate,69
7700,10724,2023-04-27,Estonia,Good,21
7701,10725,2023-04-27,Ethiopia,Unhealthy for Sensitive Groups,137
7702,10726,2023-04-27,Finland,Good,37
7703,10727,2023-04-27,France,Moderate,62
7704,10728,2023-04-27,French Guiana,Good,19
7705,10730,2023-04-27,Georgia,Moderate,72
7706,10731,2023-04-27,Germany,Moderate,57
7707,10732,2023-04-27,Ghana,Moderate,72
7708,10734,2023-04-27,Greece,Good,35
7709,10736,2023-04-27,Guadeloupe,Good,7
7710,10738,2023-04-27,Guatemala,Unhealthy for Sensitive Groups,141
7711,10740,2023-04-27,Hong Kong,Moderate,74
7712,10741,2023-04-27,Iceland,Good,6
7713,10742,2023-04-27,India,Very Unhealthy,256
7714,10743,2023-04-27,Indonesia,Moderate,67
7715,10746,2023-04-27,Ireland,Moderate,54
7716,10747,2023-04-27,Israel,Moderate,73
7717,10748,2023-04-27,Italy,Good,42
7718,10750,2023-04-27,Japan,Moderate,85
7719,10752,2023-04-27,Jordan,Good,29
7720,10753,2023-04-27,Kazakhstan,Moderate,85
7721,10754,2023-04-27,Kenya,Moderate,60
7722,10756,2023-04-27,Kuwait,Moderate,78
7723,10757,2023-04-27,Kyrgyzstan,Moderate,74
7724,10758,2023-04-27,Laos,Moderate,98
7725,10759,2023-04-27,Latvia,Good,16
7726,10762,2023-04-27,Liechtenstein,Good,9
7727,10763,2023-04-27,Lithuania,Good,22
7728,10765,2023-04-27,Macao,Moderate,91
7729,10766,2023-04-27,Macedonia,Good,46
7730,10767,2023-04-27,Madagascar,Unhealthy,155
7731,10768,2023-04-27,Malaysia,Moderate,58
7732,10769,2023-04-27,Malta,Good,44
7733,10770,2023-04-27,Martinique,Good,9
7734,10771,2023-04-27,Mexico,Unhealthy for Sensitive Groups,150
7735,10772,2023-04-27,Moldova,Good,13
7736,10773,2023-04-27,Monaco,Good,25
7737,10774,2023-04-27,Mongolia,Moderate,65
7738,10775,2023-04-27,Montenegro,Good,46
7739,10776,2023-04-27,Myanmar,Unhealthy for Sensitive Groups,118
7740,10777,2023-04-27,Nepal,Unhealthy,151
7741,10778,2023-04-27,Netherlands,Good,46
7742,10780,2023-04-27,New Zealand,Good,30
7743,10781,2023-04-27,Nigeria,Moderate,92
7744,10782,2023-04-27,Norway,Good,31
7745,10783,2023-04-27,Pakistan,Moderate,85
7746,10784,2023-04-27,Palestinian Territory,Good,35
7747,10785,2023-04-27,Peru,Good,43
7748,10786,2023-04-27,Philippines,Moderate,57
7749,10787,2023-04-27,Poland,Moderate,82
7750,10788,2023-04-27,Portugal,Good,18
7751,10791,2023-04-27,Reunion,Good,18
7752,10792,2023-04-27,Romania,Moderate,68
7753,10793,2023-04-27,Russia,Moderate,77
7754,10794,2023-04-27,San Marino,Good,35
7755,10797,2023-04-27,Serbia,Unhealthy for Sensitive Groups,101
7756,10798,2023-04-27,Singapore,Good,33
7757,10799,2023-04-27,Slovakia,Good,50
7758,10800,2023-04-27,Slovenia,Good,37
7759,10801,2023-04-27,South Africa,Unhealthy for Sensitive Groups,141
7760,10802,2023-04-27,South Korea,Unhealthy for Sensitive Groups,104
7761,10803,2023-04-27,Spain,Moderate,72
7762,10804,2023-04-27,Sri Lanka,Moderate,57
7763,10806,2023-04-27,Sweden,Good,38
7764,10807,2023-04-27,Switzerland,Good,15
7765,10808,2023-04-27,Taiwan,Moderate,82
7766,10809,2023-04-27,Tajikistan,Moderate,58
7767,10810,2023-04-27,Thailand,Unhealthy,151
7768,10812,2023-04-27,Trinidad and Tobago,Good,30
7769,10813,2023-04-27,Turkey,Very Unhealthy,226
7770,10815,2023-04-27,Uganda,Moderate,59
7771,10816,2023-04-27,Ukraine,Moderate,59
7772,10817,2023-04-27,United Arab Emirates,Moderate,69
7773,10818,2023-04-27,United Kingdom of Great Britain and Northern Ireland,Moderate,75
7774,10819,2023-04-27,United States of America,Moderate,100
7775,10821,2023-04-27,Vatican,Good,30
7776,10823,2023-04-27,Vietnam,Unhealthy for Sensitive Groups,117
7777,10827,2023-05-04,Andorra,Good,37
7778,10829,2023-05-04,Argentina,Good,28
7779,10830,2023-05-04,Armenia,Good,14
7780,10831,2023-05-04,Australia,Good,34
7781,10832,2023-05-04,Austria,Moderate,54
7782,10833,2023-05-04,Azerbaijan,Good,17
7783,10835,2023-05-04,Bangladesh,Unhealthy for Sensitive Groups,135
7784,10836,2023-05-04,Belarus,Good,35
7785,10837,2023-05-04,Belgium,Moderate,64
7786,10841,2023-05-04,Bosnia and Herzegovina,Moderate,56
7787,10842,2023-05-04,Brazil,Moderate,97
7788,10843,2023-05-04,Brunei,Good,11
7789,10844,2023-05-04,Bulgaria,Good,24
7790,10847,2023-05-04,Canada,Moderate,63
7791,10848,2023-05-04,Cape Verde,Good,18
7792,10851,2023-05-04,Chile,Unhealthy,170
7793,10852,2023-05-04,China,Unhealthy,159
7794,10853,2023-05-04,Colombia,Moderate,70
7795,10855,2023-05-04,Croatia,Good,42
7796,10856,2023-05-04,Cyprus,Moderate,60
7797,10857,2023-05-04,Czech Republic,Moderate,89
7798,10858,2023-05-04,Denmark,Good,27
7799,10859,2023-05-04,Dominican Republic,Good,43
7800,10860,2023-05-04,Ecuador,Good,27
7801,10863,2023-05-04,Estonia,Good,24
7802,10864,2023-05-04,Ethiopia,Unhealthy,175
7803,10865,2023-05-04,Finland,Good,29
7804,10866,2023-05-04,France,Moderate,63
7805,10867,2023-05-04,French Guiana,Good,48
7806,10868,2023-05-04,Georgia,Good,47
7807,10869,2023-05-04,Germany,Moderate,55
7808,10870,2023-05-04,Ghana,Moderate,55
7809,10872,2023-05-04,Greece,Moderate,59
7810,10874,2023-05-04,Guadeloupe,Good,12
7811,10876,2023-05-04,Guatemala,Unhealthy for Sensitive Groups,148
7812,10878,2023-05-04,Hong Kong,Moderate,52
7813,10879,2023-05-04,Iceland,Good,39
7814,10880,2023-05-04,India,Unhealthy,181
7815,10881,2023-05-04,Indonesia,Moderate,61
7816,10884,2023-05-04,Ireland,Moderate,56
7817,10885,2023-05-04,Israel,Moderate,86
7818,10886,2023-05-04,Italy,Good,40
7819,10888,2023-05-04,Japan,Moderate,89
7820,10890,2023-05-04,Jordan,Good,38
7821,10891,2023-05-04,Kazakhstan,Moderate,75
7822,10892,2023-05-04,Kenya,Moderate,99
7823,10894,2023-05-04,Kuwait,Moderate,55
7824,10895,2023-05-04,Kyrgyzstan,Moderate,67
7825,10896,2023-05-04,Laos,Moderate,96
7826,10897,2023-05-04,Latvia,Good,13
7827,10900,2023-05-04,Liechtenstein,Good,11
7828,10901,2023-05-04,Lithuania,Good,14
7829,10903,2023-05-04,Macao,Moderate,57
7830,10904,2023-05-04,Macedonia,Good,50
7831,10905,2023-05-04,Madagascar,Moderate,54
7832,10906,2023-05-04,Malaysia,Moderate,56
7833,10907,2023-05-04,Malta,Good,37
7834,10908,2023-05-04,Martinique,Good,17
7835,10909,2023-05-04,Mexico,Unhealthy,161
7836,10910,2023-05-04,Moldova,Good,15
7837,10911,2023-05-04,Monaco,Good,39
7838,10912,2023-05-04,Mongolia,Moderate,66
7839,10913,2023-05-04,Montenegro,Good,20
7840,10914,2023-05-04,Myanmar,Moderate,85
7841,10915,2023-05-04,Nepal,Moderate,96
7842,10916,2023-05-04,Netherlands,Moderate,51
7843,10918,2023-05-04,New Zealand,Good,26
7844,10919,2023-05-04,Nigeria,Moderate,53
7845,10920,2023-05-04,Norway,Good,37
7846,10921,2023-05-04,Pakistan,Unhealthy for Sensitive Groups,107
7847,10922,2023-05-04,Palestinian Territory,Good,47
7848,10923,2023-05-04,Peru,Good,47
7849,10924,2023-05-04,Philippines,Good,33
7850,10925,2023-05-04,Poland,Moderate,81
7851,10926,2023-05-04,Portugal,Good,30
7852,10929,2023-05-04,Reunion,Good,15
7853,10930,2023-05-04,Romania,Moderate,67
7854,10931,2023-05-04,Russia,Moderate,57
7855,10932,2023-05-04,San Marino,Good,39
7856,10935,2023-05-04,Serbia,Moderate,75
7857,10936,2023-05-04,Singapore,Good,33
7858,10937,2023-05-04,Slovakia,Good,48
7859,10938,2023-05-04,Slovenia,Good,50
7860,10939,2023-05-04,South Africa,Moderate,68
7861,10940,2023-05-04,South Korea,Moderate,90
7862,10941,2023-05-04,Spain,Moderate,56
7863,10942,2023-05-04,Sri Lanka,Moderate,51
7864,10944,2023-05-04,Sweden,Good,31
7865,10945,2023-05-04,Switzerland,Good,23
7866,10946,2023-05-04,Taiwan,Moderate,96
7867,10947,2023-05-04,Tajikistan,Moderate,68
7868,10948,2023-05-04,Thailand,Unhealthy for Sensitive Groups,146
7869,10950,2023-05-04,Trinidad and Tobago,Good,44
7870,10951,2023-05-04,Turkey,Unhealthy for Sensitive Groups,113
7871,10953,2023-05-04,Uganda,Unhealthy for Sensitive Groups,109
7872,10954,2023-05-04,Ukraine,Moderate,58
7873,10955,2023-05-04,United Arab Emirates,Moderate,69
7874,10956,2023-05-04,United Kingdom of Great Britain and Northern Ireland,Moderate,75
7875,10957,2023-05-04,United States of America,Moderate,85
7876,10959,2023-05-04,Vatican,Good,38
7877,10961,2023-05-04,Vietnam,Unhealthy for Sensitive Groups,105
7878,10964,2023-05-11,Andorra,Good,13
7879,10966,2023-05-11,Argentina,Good,14
7880,10967,2023-05-11,Armenia,Good,22
7881,10968,2023-05-11,Australia,Good,41
7882,10969,2023-05-11,Austria,Good,38
7883,10970,2023-05-11,Azerbaijan,Good,35
7884,10972,2023-05-11,Bangladesh,Unhealthy for Sensitive Groups,132
7885,10973,2023-05-11,Belarus,Good,38
7886,10974,2023-05-11,Belgium,Moderate,73
7887,10978,2023-05-11,Bosnia and Herzegovina,Good,41
7888,10979,2023-05-11,Brazil,Moderate,72
7889,10980,2023-05-11,Brunei,Good,10
7890,10981,2023-05-11,Bulgaria,Good,20
7891,10984,2023-05-11,Canada,Moderate,81
7892,10985,2023-05-11,Cape Verde,Good,36
7893,10988,2023-05-11,Chile,Unhealthy,176
7894,10989,2023-05-11,China,Unhealthy,153
7895,10990,2023-05-11,Colombia,Moderate,71
7896,10992,2023-05-11,Croatia,Good,33
7897,10993,2023-05-11,Cyprus,Moderate,55
7898,10994,2023-05-11,Czech Republic,Moderate,68
7899,10995,2023-05-11,Denmark,Good,32
7900,10996,2023-05-11,Dominican Republic,Moderate,54
7901,10997,2023-05-11,Ecuador,Moderate,76
7902,11000,2023-05-11,Estonia,Good,39
7903,11001,2023-05-11,Ethiopia,Unhealthy for Sensitive Groups,131
7904,11002,2023-05-11,Finland,Moderate,55
7905,11003,2023-05-11,France,Good,46
7906,11004,2023-05-11,French Guiana,Good,16
7907,11005,2023-05-11,Georgia,Good,44
7908,11006,2023-05-11,Germany,Moderate,71
7909,11007,2023-05-11,Ghana,Good,47
7910,11009,2023-05-11,Greece,Good,40
7911,11011,2023-05-11,Guadeloupe,Good,13
7912,11013,2023-05-11,Guatemala,Unhealthy for Sensitive Groups,124
7913,11015,2023-05-11,Hong Kong,Moderate,71
7914,11016,2023-05-11,Iceland,Good,20
7915,11017,2023-05-11,India,Very Unhealthy,218
7916,11018,2023-05-11,Indonesia,Moderate,61
7917,11021,2023-05-11,Ireland,Good,23
7918,11022,2023-05-11,Israel,Moderate,94
7919,11023,2023-05-11,Italy,Moderate,73
7920,11025,2023-05-11,Japan,Moderate,87
7921,11027,2023-05-11,Jordan,Good,35
7922,11028,2023-05-11,Kazakhstan,Unhealthy for Sensitive Groups,108
7923,11029,2023-05-11,Kenya,Good,41
7924,11031,2023-05-11,Kuwait,Moderate,97
7925,11032,2023-05-11,Kyrgyzstan,Moderate,61
7926,11033,2023-05-11,Laos,Moderate,74
7927,11034,2023-05-11,Latvia,Good,15
7928,11037,2023-05-11,Liechtenstein,Good,17
7929,11038,2023-05-11,Lithuania,Good,31
7930,11040,2023-05-11,Macao,Moderate,82
7931,11041,2023-05-11,Macedonia,Good,35
7932,11042,2023-05-11,Madagascar,Moderate,81
7933,11043,2023-05-11,Malaysia,Moderate,73
7934,11044,2023-05-11,Malta,Good,37
7935,11045,2023-05-11,Martinique,Good,34
7936,11046,2023-05-11,Mexico,Unhealthy for Sensitive Groups,142
7937,11047,2023-05-11,Moldova,Good,32
7938,11048,2023-05-11,Monaco,Good,26
7939,11049,2023-05-11,Mongolia,Moderate,84
7940,11050,2023-05-11,Montenegro,Good,19
7941,11051,2023-05-11,Myanmar,Moderate,60
7942,11052,2023-05-11,Nepal,Unhealthy for Sensitive Groups,113
7943,11053,2023-05-11,Netherlands,Moderate,64
7944,11055,2023-05-11,New Zealand,Moderate,52
7945,11056,2023-05-11,Nigeria,Moderate,74
7946,11057,2023-05-11,Norway,Moderate,57
7947,11058,2023-05-11,Pakistan,Moderate,97
7948,11059,2023-05-11,Palestinian Territory,Moderate,54
7949,11060,2023-05-11,Peru,Moderate,68
7950,11061,2023-05-11,Philippines,Good,40
7951,11062,2023-05-11,Poland,Moderate,67
7952,11063,2023-05-11,Portugal,Good,31
7953,11066,2023-05-11,Reunion,Good,20
7954,11067,2023-05-11,Romania,Moderate,59
7955,11068,2023-05-11,Russia,Moderate,75
7956,11069,2023-05-11,San Marino,Good,38
7957,11072,2023-05-11,Serbia,Moderate,55
7958,11073,2023-05-11,Singapore,Good,27
7959,11074,2023-05-11,Slovakia,Good,48
7960,11075,2023-05-11,Slovenia,Good,42
7961,11076,2023-05-11,South Africa,Unhealthy for Sensitive Groups,150
7962,11077,2023-05-11,South Korea,Unhealthy for Sensitive Groups,120
7963,11078,2023-05-11,Spain,Moderate,63
7964,11079,2023-05-11,Sri Lanka,Good,47
7965,11081,2023-05-11,Sweden,Moderate,59
7966,11082,2023-05-11,Switzerland,Good,17
7967,11083,2023-05-11,Taiwan,Unhealthy for Sensitive Groups,105
7968,11084,2023-05-11,Tajikistan,Moderate,60
7969,11085,2023-05-11,Thailand,Unhealthy for Sensitive Groups,111
7970,11087,2023-05-11,Trinidad and Tobago,Moderate,56
7971,11088,2023-05-11,Turkey,Moderate,97
7972,11090,2023-05-11,Uganda,Moderate,100
7973,11091,2023-05-11,Ukraine,Moderate,58
7974,11092,2023-05-11,United Arab Emirates,Moderate,79
7975,11093,2023-05-11,United Kingdom of Great Britain and Northern Ireland,Good,46
7976,11094,2023-05-11,United States of America,Unhealthy for Sensitive Groups,103
7977,11096,2023-05-11,Vatican,Good,50
7978,11098,2023-05-11,Vietnam,Moderate,94
7979,11102,2023-05-18,Andorra,Good,27
7980,11104,2023-05-18,Argentina,Good,21
7981,11105,2023-05-18,Armenia,Good,19
7982,11106,2023-05-18,Australia,Moderate,55
7983,11107,2023-05-18,Austria,Good,36
7984,11108,2023-05-18,Azerbaijan,Good,25
7985,11110,2023-05-18,Bangladesh,Unhealthy,155
7986,11111,2023-05-18,Belarus,Moderate,55
7987,11112,2023-05-18,Belgium,Good,39
7988,11116,2023-05-18,Bosnia and Herzegovina,Good,34
7989,11117,2023-05-18,Brazil,Moderate,63
7990,11118,2023-05-18,Brunei,Good,15
7991,11119,2023-05-18,Bulgaria,Good,24
7992,11122,2023-05-18,Canada,Unhealthy,174
7993,11123,2023-05-18,Cape Verde,Good,34
7994,11126,2023-05-18,Chile,Unhealthy,178
7995,11127,2023-05-18,China,Unhealthy,158
7996,11128,2023-05-18,Colombia,Moderate,86
7997,11130,2023-05-18,Croatia,Good,24
7998,11131,2023-05-18,Cyprus,Moderate,52
7999,11132,2023-05-18,Czech Republic,Moderate,63
8000,11133,2023-05-18,Denmark,Good,24
8001,11134,2023-05-18,Dominican Republic,Good,32
8002,11135,2023-05-18,Ecuador,Good,49
8003,11138,2023-05-18,Estonia,Good,18
8004,11139,2023-05-18,Ethiopia,Unhealthy,154
8005,11140,2023-05-18,Finland,Good,18
8006,11141,2023-05-18,France,Good,50
8007,11142,2023-05-18,French Guiana,Good,12
8008,11143,2023-05-18,Georgia,Moderate,61
8009,11144,2023-05-18,Germany,Good,38
8010,11145,2023-05-18,Ghana,Good,22
8011,11147,2023-05-18,Greece,Good,43
8012,11149,2023-05-18,Guadeloupe,Good,23
8013,11151,2023-05-18,Guatemala,Unhealthy for Sensitive Groups,150
8014,11153,2023-05-18,Hong Kong,Moderate,81
8015,11154,2023-05-18,Iceland,Good,19
8016,11155,2023-05-18,India,Hazardous,394
8017,11156,2023-05-18,Indonesia,Moderate,94
8018,11159,2023-05-18,Ireland,Good,38
8019,11160,2023-05-18,Israel,Moderate,87
8020,11161,2023-05-18,Italy,Good,44
8021,11163,2023-05-18,Japan,Unhealthy for Sensitive Groups,144
8022,11165,2023-05-18,Jordan,Good,31
8023,11166,2023-05-18,Kazakhstan,Moderate,72
8024,11167,2023-05-18,Kenya,Moderate,94
8025,11169,2023-05-18,Kuwait,Unhealthy for Sensitive Groups,106
8026,11170,2023-05-18,Kyrgyzstan,Moderate,55
8027,11171,2023-05-18,Laos,Unhealthy for Sensitive Groups,103
8028,11172,2023-05-18,Latvia,Good,4
8029,11175,2023-05-18,Liechtenstein,Good,9
8030,11176,2023-05-18,Lithuania,Good,18
8031,11178,2023-05-18,Macao,Moderate,89
8032,11179,2023-05-18,Macedonia,Good,35
8033,11180,2023-05-18,Madagascar,Moderate,94
8034,11181,2023-05-18,Malaysia,Moderate,69
8035,11182,2023-05-18,Malta,Good,47
8036,11183,2023-05-18,Martinique,Good,45
8037,11184,2023-05-18,Mexico,Unhealthy for Sensitive Groups,111
8038,11185,2023-05-18,Moldova,Good,13
8039,11186,2023-05-18,Monaco,Good,15
8040,11187,2023-05-18,Mongolia,Moderate,73
8041,11188,2023-05-18,Montenegro,Good,24
8042,11189,2023-05-18,Myanmar,Moderate,95
8043,11190,2023-05-18,Nepal,Unhealthy for Sensitive Groups,128
8044,11191,2023-05-18,Netherlands,Good,32
8045,11193,2023-05-18,New Zealand,Good,34
8046,11194,2023-05-18,Nigeria,Moderate,89
8047,11195,2023-05-18,Norway,Good,21
8048,11196,2023-05-18,Pakistan,Moderate,62
8049,11197,2023-05-18,Palestinian Territory,Moderate,57
8050,11198,2023-05-18,Peru,Moderate,51
8051,11199,2023-05-18,Philippines,Moderate,73
8052,11200,2023-05-18,Poland,Good,46
8053,11201,2023-05-18,Portugal,Good,39
8054,11204,2023-05-18,Reunion,Good,9
8055,11205,2023-05-18,Romania,Moderate,73
8056,11206,2023-05-18,Russia,Moderate,83
8057,11207,2023-05-18,San Marino,Good,34
8058,11210,2023-05-18,Serbia,Moderate,65
8059,11211,2023-05-18,Singapore,Moderate,55
8060,11212,2023-05-18,Slovakia,Good,30
8061,11213,2023-05-18,Slovenia,Good,24
8062,11214,2023-05-18,South Africa,Moderate,81
8063,11215,2023-05-18,South Korea,Moderate,90
8064,11216,2023-05-18,Spain,Moderate,62
8065,11217,2023-05-18,Sri Lanka,Moderate,65
8066,11218,2023-05-18,Sweden,Good,23
8067,11219,2023-05-18,Switzerland,Good,18
8068,11220,2023-05-18,Taiwan,Moderate,60
8069,11221,2023-05-18,Tajikistan,Moderate,58
8070,11222,2023-05-18,Thailand,Unhealthy for Sensitive Groups,145
8071,11224,2023-05-18,Trinidad and Tobago,Good,25
8072,11225,2023-05-18,Turkey,Unhealthy for Sensitive Groups,126
8073,11227,2023-05-18,Uganda,Moderate,92
8074,11228,2023-05-18,Ukraine,Moderate,76
8075,11229,2023-05-18,United Arab Emirates,Moderate,60
8076,11230,2023-05-18,United Kingdom of Great Britain and Northern Ireland,Moderate,56
8077,11231,2023-05-18,United States of America,Unhealthy for Sensitive Groups,137
8078,11233,2023-05-18,Vatican,Good,19
8079,11235,2023-05-18,Vietnam,Unhealthy for Sensitive Groups,123
8080,11239,2023-05-25,Andorra,Good,17
8081,11241,2023-05-25,Argentina,Good,26
8082,11242,2023-05-25,Armenia,Good,40
8083,11243,2023-05-25,Australia,Good,48
8084,11244,2023-05-25,Austria,Moderate,53
8085,11245,2023-05-25,Azerbaijan,Good,38
8086,11247,2023-05-25,Bangladesh,Unhealthy for Sensitive Groups,132
8087,11248,2023-05-25,Belarus,Moderate,59
8088,11249,2023-05-25,Belgium,Moderate,55
8089,11253,2023-05-25,Bosnia and Herzegovina,Moderate,55
8090,11254,2023-05-25,Brazil,Moderate,83
8091,11255,2023-05-25,Brunei,Good,16
8092,11256,2023-05-25,Bulgaria,Good,28
8093,11259,2023-05-25,Canada,Moderate,76
8094,11260,2023-05-25,Cape Verde,Good,44
8095,11263,2023-05-25,Chile,Unhealthy,179
8096,11264,2023-05-25,China,Unhealthy,191
8097,11265,2023-05-25,Colombia,Moderate,68
8098,11267,2023-05-25,Croatia,Good,45
8099,11268,2023-05-25,Cyprus,Moderate,51
8100,11269,2023-05-25,Czech Republic,Moderate,62
8101,11270,2023-05-25,Denmark,Good,24
8102,11271,2023-05-25,Dominican Republic,Good,27
8103,11272,2023-05-25,Ecuador,Good,46
8104,11275,2023-05-25,Estonia,Good,41
8105,11276,2023-05-25,Ethiopia,Unhealthy for Sensitive Groups,144
8106,11277,2023-05-25,Finland,Good,44
8107,11278,2023-05-25,France,Moderate,56
8108,11279,2023-05-25,French Guiana,Good,8
8109,11281,2023-05-25,Georgia,Moderate,88
8110,11282,2023-05-25,Germany,Moderate,57
8111,11283,2023-05-25,Ghana,Moderate,56
8112,11285,2023-05-25,Greece,Moderate,60
8113,11287,2023-05-25,Guadeloupe,Good,11
8114,11288,2023-05-25,Guatemala,Unhealthy for Sensitive Groups,119
8115,11290,2023-05-25,Hong Kong,Moderate,81
8116,11291,2023-05-25,Iceland,Good,37
8117,11292,2023-05-25,India,Unhealthy,181
8118,11293,2023-05-25,Indonesia,Moderate,91
8119,11296,2023-05-25,Ireland,Good,42
8120,11297,2023-05-25,Israel,Moderate,99
8121,11298,2023-05-25,Italy,Moderate,64
8122,11300,2023-05-25,Japan,Moderate,90
8123,11302,2023-05-25,Jordan,Good,39
8124,11303,2023-05-25,Kazakhstan,Moderate,70
8125,11304,2023-05-25,Kenya,Moderate,92
8126,11306,2023-05-25,Kuwait,Unhealthy,154
8127,11307,2023-05-25,Kyrgyzstan,Moderate,55
8128,11308,2023-05-25,Laos,Moderate,76
8129,11309,2023-05-25,Latvia,Good,11
8130,11312,2023-05-25,Liechtenstein,Moderate,56
8131,11313,2023-05-25,Lithuania,Good,33
8132,11315,2023-05-25,Macao,Unhealthy for Sensitive Groups,104
8133,11316,2023-05-25,Macedonia,Moderate,54
8134,11317,2023-05-25,Madagascar,Moderate,88
8135,11318,2023-05-25,Malaysia,Moderate,68
8136,11319,2023-05-25,Malta,Good,41
8137,11320,2023-05-25,Martinique,Good,21
8138,11321,2023-05-25,Mexico,Unhealthy for Sensitive Groups,121
8139,11322,2023-05-25,Moldova,Good,13
8140,11323,2023-05-25,Monaco,Good,37
8141,11324,2023-05-25,Mongolia,Moderate,67
8142,11325,2023-05-25,Montenegro,Moderate,59
8143,11326,2023-05-25,Myanmar,Moderate,89
8144,11327,2023-05-25,Nepal,Moderate,82
8145,11328,2023-05-25,Netherlands,Good,45
8146,11330,2023-05-25,New Zealand,Good,21
8147,11331,2023-05-25,Nigeria,Moderate,85
8148,11332,2023-05-25,Norway,Good,40
8149,11333,2023-05-25,Pakistan,Moderate,64
8150,11334,2023-05-25,Palestinian Territory,Moderate,79
8151,11335,2023-05-25,Peru,Good,37
8152,11336,2023-05-25,Philippines,Moderate,96
8153,11337,2023-05-25,Poland,Moderate,93
8154,11338,2023-05-25,Portugal,Good,29
8155,11341,2023-05-25,Reunion,Good,16
8156,11342,2023-05-25,Romania,Moderate,70
8157,11343,2023-05-25,Russia,Unhealthy for Sensitive Groups,107
8158,11344,2023-05-25,San Marino,Good,50
8159,11347,2023-05-25,Serbia,Moderate,89
8160,11348,2023-05-25,Singapore,Good,48
8161,11349,2023-05-25,Slovakia,Moderate,53
8162,11350,2023-05-25,Slovenia,Good,39
8163,11351,2023-05-25,South Africa,Unhealthy for Sensitive Groups,138
8164,11352,2023-05-25,South Korea,Moderate,85
8165,11353,2023-05-25,Spain,Moderate,74
8166,11354,2023-05-25,Sri Lanka,Good,32
8167,11355,2023-05-25,Sweden,Good,39
8168,11356,2023-05-25,Switzerland,Good,19
8169,11357,2023-05-25,Taiwan,Moderate,85
8170,11358,2023-05-25,Tajikistan,Moderate,59
8171,11359,2023-05-25,Thailand,Unhealthy for Sensitive Groups,111
8172,11361,2023-05-25,Trinidad and Tobago,Good,16
8173,11362,2023-05-25,Turkey,Unhealthy for Sensitive Groups,135
8174,11364,2023-05-25,Uganda,Unhealthy for Sensitive Groups,138
8175,11365,2023-05-25,Ukraine,Moderate,63
8176,11366,2023-05-25,United Arab Emirates,Moderate,91
8177,11367,2023-05-25,United Kingdom of Great Britain and Northern Ireland,Moderate,57
8178,11368,2023-05-25,United States of America,Moderate,100
8179,11370,2023-05-25,Vatican,Moderate,53
8180,11372,2023-05-25,Vietnam,Moderate,86
8181,11376,2023-06-01,Andorra,Good,24
8182,11378,2023-06-01,Argentina,Moderate,63
8183,11379,2023-06-01,Armenia,Good,24
8184,11380,2023-06-01,Australia,Good,39
8185,11381,2023-06-01,Austria,Good,50
8186,11382,2023-06-01,Azerbaijan,Good,21
8187,11384,2023-06-01,Bangladesh,Unhealthy,159
8188,11385,2023-06-01,Belarus,Good,12
8189,11386,2023-06-01,Belgium,Moderate,82
8190,11390,2023-06-01,Bosnia and Herzegovina,Moderate,63
8191,11391,2023-06-01,Brazil,Moderate,57
8192,11392,2023-06-01,Brunei,Good,12
8193,11393,2023-06-01,Bulgaria,Good,24
8194,11396,2023-06-01,Canada,Unhealthy for Sensitive Groups,101
8195,11397,2023-06-01,Cape Verde,Good,34
8196,11400,2023-06-01,Chile,Unhealthy,199
8197,11401,2023-06-01,China,Unhealthy,158
8198,11402,2023-06-01,Colombia,Moderate,61
8199,11404,2023-06-01,Croatia,Moderate,57
8200,11405,2023-06-01,Cyprus,Moderate,53
8201,11406,2023-06-01,Czech Republic,Moderate,67
8202,11407,2023-06-01,Denmark,Good,27
8203,11408,2023-06-01,Dominican Republic,Good,18
8204,11409,2023-06-01,Ecuador,Moderate,88
8205,11412,2023-06-01,Estonia,Good,24
8206,11413,2023-06-01,Ethiopia,Unhealthy for Sensitive Groups,139
8207,11414,2023-06-01,Finland,Good,22
8208,11415,2023-06-01,France,Moderate,75
8209,11416,2023-06-01,French Guiana,Good,6
8210,11418,2023-06-01,Georgia,Moderate,53
8211,11419,2023-06-01,Germany,Moderate,71
8212,11420,2023-06-01,Ghana,Moderate,58
8213,11422,2023-06-01,Greece,Moderate,62
8214,11424,2023-06-01,Guadeloupe,Good,14
8215,11426,2023-06-01,Guatemala,Unhealthy for Sensitive Groups,113
8216,11428,2023-06-01,Hong Kong,Good,48
8217,11429,2023-06-01,Iceland,Good,6
8218,11430,2023-06-01,India,Unhealthy,167
8219,11431,2023-06-01,Indonesia,Unhealthy for Sensitive Groups,107
8220,11434,2023-06-01,Ireland,Moderate,55
8221,11435,2023-06-01,Israel,Moderate,80
8222,11436,2023-06-01,Italy,Moderate,54
8223,11438,2023-06-01,Japan,Moderate,82
8224,11440,2023-06-01,Jordan,Good,29
8225,11441,2023-06-01,Kazakhstan,Moderate,61
8226,11442,2023-06-01,Kenya,Moderate,61
8227,11444,2023-06-01,Kuwait,Unhealthy for Sensitive Groups,103
8228,11445,2023-06-01,Kyrgyzstan,Moderate,61
8229,11446,2023-06-01,Laos,Moderate,66
8230,11447,2023-06-01,Latvia,Good,7
8231,11450,2023-06-01,Liechtenstein,Good,18
8232,11451,2023-06-01,Lithuania,Good,19
8233,11453,2023-06-01,Macao,Moderate,53
8234,11454,2023-06-01,Macedonia,Good,42
8235,11455,2023-06-01,Madagascar,Moderate,79
8236,11456,2023-06-01,Malaysia,Moderate,69
8237,11457,2023-06-01,Malta,Good,40
8238,11458,2023-06-01,Martinique,Good,19
8239,11459,2023-06-01,Mexico,Unhealthy for Sensitive Groups,123
8240,11460,2023-06-01,Moldova,Good,14
8241,11461,2023-06-01,Monaco,Good,40
8242,11462,2023-06-01,Mongolia,Moderate,59
8243,11463,2023-06-01,Montenegro,Good,19
8244,11464,2023-06-01,Myanmar,Moderate,67
8245,11465,2023-06-01,Nepal,Moderate,75
8246,11466,2023-06-01,Netherlands,Good,39
8247,11468,2023-06-01,New Zealand,Good,30
8248,11469,2023-06-01,Nigeria,Moderate,96
8249,11470,2023-06-01,Norway,Good,25
8250,11471,2023-06-01,Pakistan,Moderate,55
8251,11472,2023-06-01,Palestinian Territory,Moderate,69
8252,11473,2023-06-01,Peru,Good,44
8253,11474,2023-06-01,Philippines,Good,30
8254,11475,2023-06-01,Poland,Moderate,61
8255,11476,2023-06-01,Portugal,Good,27
8256,11479,2023-06-01,Reunion,Good,13
8257,11480,2023-06-01,Romania,Moderate,66
8258,11481,2023-06-01,Russia,Moderate,66
8259,11482,2023-06-01,San Marino,Good,44
8260,11485,2023-06-01,Serbia,Moderate,84
8261,11486,2023-06-01,Singapore,Good,21
8262,11487,2023-06-01,Slovakia,Good,49
8263,11488,2023-06-01,Slovenia,Moderate,58
8264,11489,2023-06-01,South Africa,Unhealthy for Sensitive Groups,131
8265,11490,2023-06-01,South Korea,Unhealthy for Sensitive Groups,119
8266,11491,2023-06-01,Spain,Moderate,92
8267,11492,2023-06-01,Sri Lanka,Moderate,81
8268,11493,2023-06-01,Sweden,Good,31
8269,11494,2023-06-01,Switzerland,Good,20
8270,11495,2023-06-01,Taiwan,Moderate,73
8271,11496,2023-06-01,Tajikistan,Moderate,65
8272,11497,2023-06-01,Thailand,Unhealthy for Sensitive Groups,105
8273,11499,2023-06-01,Trinidad and Tobago,Good,14
8274,11500,2023-06-01,Turkey,Unhealthy,151
8275,11502,2023-06-01,Uganda,Moderate,98
8276,11503,2023-06-01,Ukraine,Good,46
8277,11504,2023-06-01,United Arab Emirates,Moderate,84
8278,11505,2023-06-01,United Kingdom of Great Britain and Northern Ireland,Good,47
8279,11506,2023-06-01,United States of America,Unhealthy for Sensitive Groups,111
8280,11508,2023-06-01,Vatican,Good,38
8281,11510,2023-06-01,Vietnam,Unhealthy for Sensitive Groups,115
8282,11514,2023-06-08,Andorra,Good,27
8283,11516,2023-06-08,Argentina,Moderate,55
8284,11517,2023-06-08,Armenia,Good,23
8285,11518,2023-06-08,Australia,Good,33
8286,11519,2023-06-08,Austria,Moderate,54
8287,11520,2023-06-08,Azerbaijan,Good,20
8288,11522,2023-06-08,Bangladesh,Unhealthy,184
8289,11523,2023-06-08,Belarus,Good,35
8290,11524,2023-06-08,Belgium,Moderate,71
8291,11528,2023-06-08,Bosnia and Herzegovina,Good,43
8292,11529,2023-06-08,Brazil,Unhealthy for Sensitive Groups,142
8293,11530,2023-06-08,Brunei,Good,10
8294,11531,2023-06-08,Bulgaria,Good,22
8295,11534,2023-06-08,Canada,Unhealthy,164
8296,11535,2023-06-08,Cape Verde,Good,23
8297,11537,2023-06-08,Chile,Unhealthy for Sensitive Groups,142
8298,11538,2023-06-08,China,Unhealthy for Sensitive Groups,150
8299,11539,2023-06-08,Colombia,Moderate,61
8300,11541,2023-06-08,Croatia,Good,39
8301,11542,2023-06-08,Cyprus,Good,48
8302,11543,2023-06-08,Czech Republic,Moderate,69
8303,11544,2023-06-08,Denmark,Good,25
8304,11545,2023-06-08,Dominican Republic,Good,19
8305,11546,2023-06-08,Ecuador,Moderate,95
8306,11548,2023-06-08,Estonia,Good,19
8307,11549,2023-06-08,Ethiopia,Unhealthy,174
8308,11550,2023-06-08,Finland,Good,20
8309,11551,2023-06-08,France,Moderate,72
8310,11552,2023-06-08,French Guiana,Good,15
8311,11554,2023-06-08,Georgia,Moderate,68
8312,11555,2023-06-08,Germany,Moderate,73
8313,11556,2023-06-08,Ghana,Moderate,59
8314,11558,2023-06-08,Greece,Moderate,53
8315,11560,2023-06-08,Guadeloupe,Good,20
8316,11562,2023-06-08,Guatemala,Moderate,94
8317,11564,2023-06-08,Hong Kong,Good,35
8318,11565,2023-06-08,Iceland,Good,14
8319,11566,2023-06-08,India,Very Unhealthy,251
8320,11567,2023-06-08,Indonesia,Moderate,84
8321,11569,2023-06-08,Ireland,Good,49
8322,11570,2023-06-08,Israel,Moderate,78
8323,11571,2023-06-08,Italy,Good,46
8324,11573,2023-06-08,Japan,Moderate,95
8325,11575,2023-06-08,Jordan,Good,37
8326,11576,2023-06-08,Kazakhstan,Moderate,61
8327,11577,2023-06-08,Kenya,Moderate,84
8328,11579,2023-06-08,Kuwait,Unhealthy for Sensitive Groups,118
8329,11580,2023-06-08,Kyrgyzstan,Good,43
8330,11581,2023-06-08,Laos,Moderate,51
8331,11582,2023-06-08,Latvia,Good,17
8332,11585,2023-06-08,Liechtenstein,Good,15
8333,11586,2023-06-08,Lithuania,Good,42
8334,11588,2023-06-08,Macao,Good,46
8335,11589,2023-06-08,Macedonia,Good,47
8336,11590,2023-06-08,Madagascar,Moderate,79
8337,11591,2023-06-08,Malaysia,Moderate,64
8338,11592,2023-06-08,Malta,Good,50
8339,11593,2023-06-08,Martinique,Moderate,55
8340,11594,2023-06-08,Mexico,Unhealthy for Sensitive Groups,124
8341,11595,2023-06-08,Moldova,Good,9
8342,11596,2023-06-08,Monaco,Good,38
8343,11597,2023-06-08,Mongolia,Moderate,71
8344,11598,2023-06-08,Montenegro,Good,41
8345,11599,2023-06-08,Myanmar,Moderate,54
8346,11600,2023-06-08,Nepal,Moderate,92
8347,11601,2023-06-08,Netherlands,Good,50
8348,11603,2023-06-08,New Zealand,Good,37
8349,11604,2023-06-08,Nigeria,Moderate,74
8350,11605,2023-06-08,Norway,Good,36
8351,11606,2023-06-08,Pakistan,Moderate,96
8352,11607,2023-06-08,Palestinian Territory,Moderate,62
8353,11608,2023-06-08,Peru,Moderate,78
8354,11609,2023-06-08,Philippines,Moderate,65
8355,11610,2023-06-08,Poland,Moderate,79
8356,11611,2023-06-08,Portugal,Good,28
8357,11614,2023-06-08,Reunion,Good,15
8358,11615,2023-06-08,Romania,Moderate,55
8359,11616,2023-06-08,Russia,Moderate,71
8360,11617,2023-06-08,San Marino,Good,36
8361,11620,2023-06-08,Serbia,Moderate,62
8362,11621,2023-06-08,Singapore,Good,29
8363,11622,2023-06-08,Slovakia,Good,46
8364,11623,2023-06-08,Slovenia,Good,34
8365,11624,2023-06-08,South Africa,Unhealthy for Sensitive Groups,131
8366,11625,2023-06-08,South Korea,Moderate,80
8367,11626,2023-06-08,Spain,Moderate,79
8368,11627,2023-06-08,Sri Lanka,Good,42
8369,11628,2023-06-08,Sweden,Good,40
8370,11629,2023-06-08,Switzerland,Good,26
8371,11630,2023-06-08,Taiwan,Moderate,60
8372,11631,2023-06-08,Tajikistan,Moderate,61
8373,11632,2023-06-08,Thailand,Moderate,92
8374,11634,2023-06-08,Trinidad and Tobago,Moderate,55
8375,11635,2023-06-08,Turkey,Unhealthy for Sensitive Groups,133
8376,11637,2023-06-08,Uganda,Unhealthy for Sensitive Groups,110
8377,11638,2023-06-08,Ukraine,Moderate,64
8378,11639,2023-06-08,United Arab Emirates,Moderate,91
8379,11640,2023-06-08,United Kingdom of Great Britain and Northern Ireland,Moderate,52
8380,11641,2023-06-08,United States of America,Hazardous,416
8381,11643,2023-06-08,Vatican,Good,34
8382,11645,2023-06-08,Vietnam,Unhealthy for Sensitive Groups,109
8383,11649,2023-06-15,Andorra,Good,39
8384,11651,2023-06-15,Argentina,Good,13
8385,11652,2023-06-15,Armenia,Moderate,53
8386,11653,2023-06-15,Australia,Good,35
8387,11654,2023-06-15,Austria,Moderate,52
8388,11655,2023-06-15,Azerbaijan,Moderate,53
8389,11657,2023-06-15,Bangladesh,Unhealthy for Sensitive Groups,113
8390,11658,2023-06-15,Belarus,Good,44
8391,11659,2023-06-15,Belgium,Moderate,70
8392,11663,2023-06-15,Bosnia and Herzegovina,Good,50
8393,11664,2023-06-15,Brazil,Good,43
8394,11665,2023-06-15,Brunei,Good,10
8395,11666,2023-06-15,Bulgaria,Good,20
8396,11669,2023-06-15,Canada,Unhealthy,154
8397,11670,2023-06-15,Cape Verde,Good,48
8398,11672,2023-06-15,Chile,Unhealthy,198
8399,11673,2023-06-15,China,Unhealthy for Sensitive Groups,149
8400,11674,2023-06-15,Colombia,Moderate,56
8401,11676,2023-06-15,Croatia,Good,39
8402,11677,2023-06-15,Cyprus,Moderate,62
8403,11678,2023-06-15,Czech Republic,Moderate,74
8404,11679,2023-06-15,Denmark,Good,34
8405,11680,2023-06-15,Dominican Republic,Good,18
8406,11681,2023-06-15,Ecuador,Good,44
8407,11683,2023-06-15,Estonia,Good,40
8408,11684,2023-06-15,Ethiopia,Unhealthy,160
8409,11685,2023-06-15,Finland,Moderate,61
8410,11686,2023-06-15,France,Moderate,74
8411,11687,2023-06-15,French Guiana,Good,10
8412,11689,2023-06-15,Georgia,Moderate,51
8413,11690,2023-06-15,Germany,Moderate,64
8414,11691,2023-06-15,Ghana,Moderate,60
8415,11693,2023-06-15,Greece,Moderate,51
8416,11695,2023-06-15,Guadeloupe,Good,23
8417,11697,2023-06-15,Guatemala,Moderate,68
8418,11699,2023-06-15,Hong Kong,Good,46
8419,11700,2023-06-15,Iceland,Good,16
8420,11701,2023-06-15,India,Hazardous,478
8421,11702,2023-06-15,Indonesia,Unhealthy for Sensitive Groups,111
8422,11705,2023-06-15,Ireland,Moderate,58
8423,11706,2023-06-15,Israel,Moderate,75
8424,11707,2023-06-15,Italy,Good,44
8425,11709,2023-06-15,Japan,Moderate,91
8426,11711,2023-06-15,Jordan,Good,29
8427,11712,2023-06-15,Kazakhstan,Unhealthy,189
8428,11713,2023-06-15,Kenya,Unhealthy for Sensitive Groups,127
8429,11715,2023-06-15,Kuwait,Unhealthy for Sensitive Groups,132
8430,11716,2023-06-15,Kyrgyzstan,Moderate,54
8431,11717,2023-06-15,Laos,Moderate,52
8432,11718,2023-06-15,Latvia,Good,19
8433,11721,2023-06-15,Liechtenstein,Good,38
8434,11722,2023-06-15,Lithuania,Moderate,51
8435,11724,2023-06-15,Macao,Moderate,74
8436,11725,2023-06-15,Macedonia,Good,36
8437,11726,2023-06-15,Madagascar,Moderate,92
8438,11727,2023-06-15,Malaysia,Moderate,66
8439,11728,2023-06-15,Malta,Good,43
8440,11729,2023-06-15,Martinique,Moderate,51
8441,11730,2023-06-15,Mexico,Unhealthy for Sensitive Groups,132
8442,11731,2023-06-15,Moldova,Good,20
8443,11732,2023-06-15,Monaco,Good,21
8444,11733,2023-06-15,Mongolia,Moderate,64
8445,11734,2023-06-15,Montenegro,Good,35
8446,11735,2023-06-15,Myanmar,Moderate,68
8447,11736,2023-06-15,Nepal,Moderate,92
8448,11737,2023-06-15,Netherlands,Moderate,56
8449,11738,2023-06-15,New Zealand,Good,42
8450,11739,2023-06-15,Nigeria,Moderate,70
8451,11740,2023-06-15,Norway,Moderate,59
8452,11741,2023-06-15,Pakistan,Moderate,63
8453,11742,2023-06-15,Palestinian Territory,Moderate,69
8454,11743,2023-06-15,Peru,Moderate,63
8455,11744,2023-06-15,Philippines,Good,47
8456,11745,2023-06-15,Poland,Moderate,72
8457,11746,2023-06-15,Portugal,Good,28
8458,11749,2023-06-15,Reunion,Good,17
8459,11750,2023-06-15,Romania,Moderate,75
8460,11751,2023-06-15,Russia,Moderate,68
8461,11752,2023-06-15,San Marino,Good,41
8462,11755,2023-06-15,Serbia,Moderate,61
8463,11756,2023-06-15,Singapore,Good,36
8464,11757,2023-06-15,Slovakia,Good,43
8465,11758,2023-06-15,Slovenia,Good,46
8466,11759,2023-06-15,South Africa,Moderate,83
8467,11760,2023-06-15,South Korea,Unhealthy for Sensitive Groups,117
8468,11761,2023-06-15,Spain,Moderate,65
8469,11762,2023-06-15,Sri Lanka,Moderate,54
8470,11763,2023-06-15,Sweden,Good,47
8471,11764,2023-06-15,Switzerland,Good,28
8472,11765,2023-06-15,Taiwan,Moderate,65
8473,11766,2023-06-15,Tajikistan,Moderate,70
8474,11767,2023-06-15,Thailand,Moderate,74
8475,11769,2023-06-15,Trinidad and Tobago,Good,28
8476,11770,2023-06-15,Turkey,Moderate,88
8477,11772,2023-06-15,Uganda,Unhealthy for Sensitive Groups,133
8478,11773,2023-06-15,Ukraine,Moderate,82
8479,11774,2023-06-15,United Arab Emirates,Unhealthy for Sensitive Groups,108
8480,11775,2023-06-15,United Kingdom of Great Britain and Northern Ireland,Moderate,63
8481,11776,2023-06-15,United States of America,Very Unhealthy,204
8482,11778,2023-06-15,Vatican,Good,34
8483,11780,2023-06-15,Vietnam,Moderate,96
8484,11784,2023-06-22,Andorra,Good,17
8485,11786,2023-06-22,Argentina,Moderate,66
8486,11787,2023-06-22,Armenia,Good,27
8487,11788,2023-06-22,Australia,Good,50
8488,11789,2023-06-22,Austria,Moderate,51
8489,11790,2023-06-22,Azerbaijan,Good,50
8490,11792,2023-06-22,Bangladesh,Unhealthy for Sensitive Groups,101
8491,11793,2023-06-22,Belarus,Moderate,63
8492,11794,2023-06-22,Belgium,Good,47
8493,11798,2023-06-22,Bosnia and Herzegovina,Moderate,87
8494,11799,2023-06-22,Brazil,Moderate,85
8495,11800,2023-06-22,Brunei,Good,10
8496,11801,2023-06-22,Bulgaria,Good,25
8497,11804,2023-06-22,Canada,Unhealthy for Sensitive Groups,108
8498,11805,2023-06-22,Cape Verde,Good,38
8499,11807,2023-06-22,Chile,Unhealthy for Sensitive Groups,138
8500,11808,2023-06-22,China,Unhealthy,157
8501,11809,2023-06-22,Colombia,Moderate,59
8502,11811,2023-06-22,Croatia,Good,47
8503,11812,2023-06-22,Cyprus,Moderate,54
8504,11813,2023-06-22,Czech Republic,Moderate,67
8505,11814,2023-06-22,Denmark,Good,25
8506,11815,2023-06-22,Dominican Republic,Good,19
8507,11816,2023-06-22,Ecuador,Good,33
8508,11818,2023-06-22,Estonia,Good,48
8509,11819,2023-06-22,Ethiopia,Unhealthy,163
8510,11820,2023-06-22,Finland,Moderate,64
8511,11821,2023-06-22,France,Moderate,62
8512,11822,2023-06-22,French Guiana,Good,11
8513,11824,2023-06-22,Georgia,Good,47
8514,11825,2023-06-22,Germany,Moderate,72
8515,11826,2023-06-22,Ghana,Moderate,65
8516,11828,2023-06-22,Greece,Good,48
8517,11830,2023-06-22,Guadeloupe,Good,38
8518,11832,2023-06-22,Guatemala,Moderate,61
8519,11834,2023-06-22,Hong Kong,Good,49
8520,11835,2023-06-22,Iceland,Good,15
8521,11836,2023-06-22,India,Very Unhealthy,207
8522,11837,2023-06-22,Indonesia,Unhealthy for Sensitive Groups,117
8523,11839,2023-06-22,Ireland,Good,37
8524,11840,2023-06-22,Israel,Moderate,77
8525,11841,2023-06-22,Italy,Moderate,62
8526,11843,2023-06-22,Japan,Moderate,66
8527,11845,2023-06-22,Jordan,Good,27
8528,11846,2023-06-22,Kazakhstan,Very Unhealthy,224
8529,11847,2023-06-22,Kenya,Unhealthy for Sensitive Groups,109
8530,11849,2023-06-22,Kuwait,Moderate,84
8531,11850,2023-06-22,Kyrgyzstan,Moderate,52
8532,11851,2023-06-22,Laos,Good,24
8533,11852,2023-06-22,Latvia,Moderate,63
8534,11855,2023-06-22,Liechtenstein,Good,38
8535,11856,2023-06-22,Lithuania,Moderate,72
8536,11858,2023-06-22,Macao,Good,42
8537,11859,2023-06-22,Macedonia,Moderate,66
8538,11860,2023-06-22,Madagascar,Moderate,97
8539,11861,2023-06-22,Malaysia,Moderate,79
8540,11862,2023-06-22,Malta,Moderate,51
8541,11863,2023-06-22,Martinique,Moderate,64
8542,11864,2023-06-22,Mexico,Unhealthy for Sensitive Groups,132
8543,11865,2023-06-22,Moldova,Good,30
8544,11866,2023-06-22,Monaco,Moderate,63
8545,11867,2023-06-22,Mongolia,Moderate,55
8546,11868,2023-06-22,Montenegro,Moderate,62
8547,11869,2023-06-22,Myanmar,Moderate,60
8548,11870,2023-06-22,Nepal,Moderate,65
8549,11871,2023-06-22,Netherlands,Moderate,74
8550,11872,2023-06-22,New Zealand,Good,35
8551,11873,2023-06-22,Nigeria,Moderate,78
8552,11874,2023-06-22,Norway,Good,49
8553,11875,2023-06-22,Pakistan,Unhealthy for Sensitive Groups,101
8554,11876,2023-06-22,Palestinian Territory,Moderate,75
8555,11877,2023-06-22,Peru,Moderate,62
8556,11878,2023-06-22,Philippines,Moderate,55
8557,11879,2023-06-22,Poland,Moderate,81
8558,11880,2023-06-22,Portugal,Good,28
8559,11883,2023-06-22,Reunion,Good,13
8560,11884,2023-06-22,Romania,Moderate,76
8561,11885,2023-06-22,Russia,Moderate,75
8562,11886,2023-06-22,San Marino,Moderate,53
8563,11889,2023-06-22,Serbia,Moderate,90
8564,11890,2023-06-22,Singapore,Good,38
8565,11891,2023-06-22,Slovakia,Good,50
8566,11892,2023-06-22,Slovenia,Moderate,67
8567,11893,2023-06-22,South Africa,Unhealthy,167
8568,11894,2023-06-22,South Korea,Moderate,74
8569,11895,2023-06-22,Spain,Moderate,79
8570,11896,2023-06-22,Sri Lanka,Moderate,81
8571,11897,2023-06-22,Sweden,Good,49
8572,11898,2023-06-22,Switzerland,Good,31
8573,11899,2023-06-22,Taiwan,Moderate,57
8574,11900,2023-06-22,Tajikistan,Moderate,67
8575,11901,2023-06-22,Thailand,Moderate,88
8576,11903,2023-06-22,Trinidad and Tobago,Good,32
8577,11904,2023-06-22,Turkey,Unhealthy for Sensitive Groups,101
8578,11906,2023-06-22,Uganda,Unhealthy for Sensitive Groups,116
8579,11907,2023-06-22,Ukraine,Moderate,71
8580,11908,2023-06-22,United Arab Emirates,Moderate,64
8581,11909,2023-06-22,United Kingdom of Great Britain and Northern Ireland,Moderate,51
8582,11910,2023-06-22,United States of America,Moderate,99
8583,11912,2023-06-22,Vatican,Good,50
8584,11914,2023-06-22,Vietnam,Moderate,76
8585,11918,2023-06-29,Andorra,Moderate,65
8586,11920,2023-06-29,Argentina,Good,40
8587,11921,2023-06-29,Armenia,Good,42
8588,11922,2023-06-29,Australia,Good,38
8589,11923,2023-06-29,Austria,Good,31
8590,11924,2023-06-29,Azerbaijan,Good,49
8591,11926,2023-06-29,Bangladesh,Moderate,89
8592,11927,2023-06-29,Belarus,Good,32
8593,11928,2023-06-29,Belgium,Moderate,94
8594,11932,2023-06-29,Bosnia and Herzegovina,Good,47
8595,11933,2023-06-29,Brazil,Unhealthy for Sensitive Groups,122
8596,11934,2023-06-29,Brunei,Good,14
8597,11935,2023-06-29,Bulgaria,Good,20
8598,11938,2023-06-29,Canada,Unhealthy for Sensitive Groups,136
8599,11939,2023-06-29,Cape Verde,Good,41
8600,11941,2023-06-29,Chile,Unhealthy,197
8601,11942,2023-06-29,China,Unhealthy for Sensitive Groups,126
8602,11943,2023-06-29,Colombia,Moderate,61
8603,11945,2023-06-29,Croatia,Good,27
8604,11946,2023-06-29,Cyprus,Moderate,78
8605,11947,2023-06-29,Czech Republic,Good,50
8606,11948,2023-06-29,Denmark,Good,28
8607,11949,2023-06-29,Dominican Republic,Good,39
8608,11950,2023-06-29,Ecuador,Good,39
8609,11952,2023-06-29,Estonia,Good,39
8610,11953,2023-06-29,Ethiopia,Unhealthy,154
8611,11954,2023-06-29,Finland,Moderate,57
8612,11955,2023-06-29,France,Unhealthy for Sensitive Groups,145
8613,11956,2023-06-29,French Guiana,Good,13
8614,11958,2023-06-29,Georgia,Moderate,60
8615,11959,2023-06-29,Germany,Moderate,67
8616,11960,2023-06-29,Ghana,Moderate,56
8617,11962,2023-06-29,Greece,Moderate,53
8618,11964,2023-06-29,Guadeloupe,Good,13
8619,11966,2023-06-29,Guatemala,Moderate,68
8620,11968,2023-06-29,Hong Kong,Good,42
8621,11969,2023-06-29,Iceland,Good,15
8622,11970,2023-06-29,India,Unhealthy,161
8623,11971,2023-06-29,Indonesia,Moderate,80
8624,11973,2023-06-29,Ireland,Good,15
8625,11974,2023-06-29,Israel,Moderate,77
8626,11975,2023-06-29,Italy,Moderate,70
8627,11977,2023-06-29,Japan,Moderate,92
8628,11979,2023-06-29,Jordan,Good,30
8629,11980,2023-06-29,Kazakhstan,Unhealthy,182
8630,11981,2023-06-29,Kenya,Moderate,80
8631,11983,2023-06-29,Kuwait,Moderate,61
8632,11984,2023-06-29,Kyrgyzstan,Good,43
8633,11985,2023-06-29,Laos,Good,45
8634,11986,2023-06-29,Latvia,Good,22
8635,11989,2023-06-29,Liechtenstein,Good,33
8636,11990,2023-06-29,Lithuania,Good,40
8637,11992,2023-06-29,Macao,Good,42
8638,11993,2023-06-29,Macedonia,Good,23
8639,11994,2023-06-29,Madagascar,Moderate,66
8640,11995,2023-06-29,Malaysia,Moderate,64
8641,11996,2023-06-29,Malta,Good,44
8642,11997,2023-06-29,Martinique,Good,49
8643,11998,2023-06-29,Mexico,Unhealthy for Sensitive Groups,107
8644,11999,2023-06-29,Moldova,Good,9
8645,12000,2023-06-29,Monaco,Moderate,66
8646,12001,2023-06-29,Mongolia,Good,32
8647,12002,2023-06-29,Montenegro,Good,32
8648,12003,2023-06-29,Myanmar,Moderate,52
8649,12004,2023-06-29,Nepal,Good,30
8650,12005,2023-06-29,Netherlands,Moderate,69
8651,12006,2023-06-29,New Zealand,Good,41
8652,12007,2023-06-29,Nigeria,Moderate,94
8653,12008,2023-06-29,Norway,Good,36
8654,12009,2023-06-29,Pakistan,Moderate,66
8655,12010,2023-06-29,Palestinian Territory,Moderate,56
8656,12011,2023-06-29,Peru,Moderate,57
8657,12012,2023-06-29,Philippines,Good,38
8658,12013,2023-06-29,Poland,Moderate,66
8659,12014,2023-06-29,Portugal,Good,25
8660,12017,2023-06-29,Reunion,Good,27
8661,12018,2023-06-29,Romania,Moderate,72
8662,12019,2023-06-29,Russia,Moderate,65
8663,12020,2023-06-29,San Marino,Moderate,53
8664,12023,2023-06-29,Serbia,Moderate,63
8665,12024,2023-06-29,Singapore,Good,31
8666,12025,2023-06-29,Slovakia,Good,29
8667,12026,2023-06-29,Slovenia,Good,25
8668,12027,2023-06-29,South Africa,Unhealthy for Sensitive Groups,126
8669,12028,2023-06-29,South Korea,Moderate,71
8670,12029,2023-06-29,Spain,Unhealthy for Sensitive Groups,118
8671,12030,2023-06-29,Sri Lanka,Good,48
8672,12031,2023-06-29,Sweden,Good,39
8673,12032,2023-06-29,Switzerland,Good,37
8674,12033,2023-06-29,Taiwan,Moderate,98
8675,12034,2023-06-29,Tajikistan,Moderate,82
8676,12035,2023-06-29,Thailand,Moderate,79
8677,12037,2023-06-29,Trinidad and Tobago,Good,18
8678,12038,2023-06-29,Turkey,Unhealthy,185
8679,12040,2023-06-29,Uganda,Unhealthy,159
8680,12041,2023-06-29,Ukraine,Moderate,59
8681,12042,2023-06-29,United Arab Emirates,Unhealthy for Sensitive Groups,116
8682,12043,2023-06-29,United Kingdom of Great Britain and Northern Ireland,Good,49
8683,12044,2023-06-29,United States of America,Very Unhealthy,249
8684,12046,2023-06-29,Vatican,Moderate,55
8685,12048,2023-06-29,Vietnam,Moderate,99
8686,12052,2023-07-06,Andorra,Good,16
8687,12054,2023-07-06,Argentina,Good,20
8688,12055,2023-07-06,Armenia,Good,45
8689,12056,2023-07-06,Australia,Good,41
8690,12057,2023-07-06,Austria,Good,25
8691,12058,2023-07-06,Azerbaijan,Good,49
8692,12060,2023-07-06,Bangladesh,Moderate,92
8693,12061,2023-07-06,Belarus,Moderate,67
8694,12062,2023-07-06,Belgium,Good,35
8695,12066,2023-07-06,Bosnia and Herzegovina,Moderate,76
8696,12067,2023-07-06,Brazil,Unhealthy for Sensitive Groups,120
8697,12068,2023-07-06,Brunei,Good,10
8698,12069,2023-07-06,Bulgaria,Good,26
8699,12072,2023-07-06,Canada,Moderate,79
8700,12073,2023-07-06,Cape Verde,Good,47
8701,12075,2023-07-06,Chile,Unhealthy,175
8702,12076,2023-07-06,China,Unhealthy for Sensitive Groups,136
8703,12077,2023-07-06,Colombia,Moderate,61
8704,12079,2023-07-06,Croatia,Good,17
8705,12080,2023-07-06,Cyprus,Moderate,78
8706,12081,2023-07-06,Czech Republic,Moderate,58
8707,12082,2023-07-06,Denmark,Good,16
8708,12083,2023-07-06,Dominican Republic,Good,49
8709,12084,2023-07-06,Ecuador,Good,39
8710,12087,2023-07-06,Estonia,Good,17
8711,12088,2023-07-06,Ethiopia,Unhealthy for Sensitive Groups,144
8712,12089,2023-07-06,Finland,Good,29
8713,12090,2023-07-06,France,Moderate,52
8714,12091,2023-07-06,French Guiana,Good,7
8715,12093,2023-07-06,Georgia,Good,44
8716,12094,2023-07-06,Germany,Good,44
8717,12095,2023-07-06,Ghana,Moderate,57
8718,12097,2023-07-06,Greece,Moderate,51
8719,12099,2023-07-06,Guadeloupe,Good,29
8720,12101,2023-07-06,Guatemala,Moderate,59
8721,12103,2023-07-06,Hong Kong,Good,39
8722,12104,2023-07-06,Iceland,Good,7
8723,12105,2023-07-06,India,Unhealthy,158
8724,12106,2023-07-06,Indonesia,Moderate,93
8725,12108,2023-07-06,Ireland,Good,17
8726,12109,2023-07-06,Israel,Moderate,70
8727,12110,2023-07-06,Italy,Good,48
8728,12112,2023-07-06,Japan,Unhealthy for Sensitive Groups,106
8729,12114,2023-07-06,Jordan,Good,34
8730,12115,2023-07-06,Kazakhstan,Very Unhealthy,226
8731,12116,2023-07-06,Kenya,Moderate,87
8732,12118,2023-07-06,Kuwait,Moderate,96
8733,12119,2023-07-06,Kyrgyzstan,Good,43
8734,12120,2023-07-06,Laos,Good,28
8735,12121,2023-07-06,Latvia,Good,21
8736,12124,2023-07-06,Liechtenstein,Good,25
8737,12125,2023-07-06,Lithuania,Moderate,54
8738,12127,2023-07-06,Macao,Good,38
8739,12128,2023-07-06,Macedonia,Good,32
8740,12129,2023-07-06,Madagascar,Moderate,67
8741,12130,2023-07-06,Malaysia,Moderate,62
8742,12131,2023-07-06,Malta,Moderate,56
8743,12132,2023-07-06,Martinique,Moderate,75
8744,12133,2023-07-06,Mexico,Unhealthy for Sensitive Groups,120
8745,12134,2023-07-06,Moldova,Good,22
8746,12135,2023-07-06,Monaco,Good,33
8747,12136,2023-07-06,Mongolia,Moderate,54
8748,12137,2023-07-06,Montenegro,Good,40
8749,12138,2023-07-06,Myanmar,Good,36
8750,12139,2023-07-06,Nepal,Moderate,59
8751,12140,2023-07-06,Netherlands,Good,38
8752,12142,2023-07-06,New Zealand,Good,40
8753,12143,2023-07-06,Nigeria,Unhealthy,178
8754,12144,2023-07-06,Norway,Good,29
8755,12145,2023-07-06,Pakistan,Moderate,64
8756,12146,2023-07-06,Palestinian Territory,Unhealthy for Sensitive Groups,123
8757,12147,2023-07-06,Peru,Good,46
8758,12148,2023-07-06,Philippines,Good,23
8759,12149,2023-07-06,Poland,Moderate,55
8760,12150,2023-07-06,Portugal,Good,13
8761,12153,2023-07-06,Reunion,Good,22
8762,12154,2023-07-06,Romania,Moderate,67
8763,12155,2023-07-06,Russia,Moderate,91
8764,12156,2023-07-06,San Marino,Good,47
8765,12159,2023-07-06,Serbia,Moderate,80
8766,12160,2023-07-06,Singapore,Good,40
8767,12161,2023-07-06,Slovakia,Good,42
8768,12162,2023-07-06,Slovenia,Good,18
8769,12163,2023-07-06,South Africa,Unhealthy,182
8770,12164,2023-07-06,South Korea,Unhealthy for Sensitive Groups,113
8771,12165,2023-07-06,Spain,Moderate,86
8772,12166,2023-07-06,Sri Lanka,Good,40
8773,12167,2023-07-06,Sweden,Good,32
8774,12168,2023-07-06,Switzerland,Good,18
8775,12169,2023-07-06,Taiwan,Moderate,52
8776,12170,2023-07-06,Tajikistan,Moderate,79
8777,12171,2023-07-06,Thailand,Moderate,81
8778,12173,2023-07-06,Trinidad and Tobago,Moderate,73
8779,12174,2023-07-06,Turkey,Unhealthy,163
8780,12176,2023-07-06,Uganda,Unhealthy for Sensitive Groups,131
8781,12177,2023-07-06,Ukraine,Moderate,76
8782,12178,2023-07-06,United Arab Emirates,Moderate,90
8783,12179,2023-07-06,United Kingdom of Great Britain and Northern Ireland,Good,42
8784,12180,2023-07-06,United States of America,Moderate,91
8785,12182,2023-07-06,Vatican,Good,42
8786,12184,2023-07-06,Vietnam,Moderate,88
8787,12188,2023-07-13,Andorra,Good,31
8788,12190,2023-07-13,Argentina,Good,7
8789,12191,2023-07-13,Armenia,Good,37
8790,12192,2023-07-13,Australia,Moderate,52
8791,12193,2023-07-13,Austria,Good,19
8792,12194,2023-07-13,Azerbaijan,Good,30
8793,12196,2023-07-13,Bangladesh,Moderate,99
8794,12197,2023-07-13,Belarus,Good,34
8795,12198,2023-07-13,Belgium,Good,39
8796,12202,2023-07-13,Bosnia and Herzegovina,Moderate,65
8797,12203,2023-07-13,Brazil,Moderate,71
8798,12204,2023-07-13,Brunei,Good,10
8799,12205,2023-07-13,Bulgaria,Good,39
8800,12208,2023-07-13,Canada,Unhealthy,156
8801,12209,2023-07-13,Cape Verde,Good,47
8802,12211,2023-07-13,Chile,Unhealthy,198
8803,12212,2023-07-13,China,Unhealthy for Sensitive Groups,134
8804,12213,2023-07-13,Colombia,Moderate,64
8805,12215,2023-07-13,Croatia,Good,40
8806,12216,2023-07-13,Cyprus,Good,50
8807,12217,2023-07-13,Czech Republic,Moderate,60
8808,12218,2023-07-13,Denmark,Good,24
8809,12219,2023-07-13,Dominican Republic,Good,26
8810,12220,2023-07-13,Ecuador,Good,39
8811,12223,2023-07-13,Estonia,Good,23
8812,12224,2023-07-13,Ethiopia,Unhealthy for Sensitive Groups,131
8813,12225,2023-07-13,Finland,Good,40
8814,12226,2023-07-13,France,Moderate,61
8815,12227,2023-07-13,French Guiana,Good,9
8816,12229,2023-07-13,Georgia,Good,37
8817,12230,2023-07-13,Germany,Good,39
8818,12231,2023-07-13,Ghana,Unhealthy for Sensitive Groups,147
8819,12233,2023-07-13,Greece,Moderate,67
8820,12235,2023-07-13,Guadeloupe,Good,28
8821,12237,2023-07-13,Guatemala,Good,31
8822,12239,2023-07-13,Hong Kong,Good,46
8823,12240,2023-07-13,Iceland,Good,9
8824,12241,2023-07-13,India,Unhealthy,163
8825,12242,2023-07-13,Indonesia,Moderate,94
8826,12244,2023-07-13,Ireland,Good,19
8827,12245,2023-07-13,Israel,Moderate,66
8828,12246,2023-07-13,Italy,Moderate,68
8829,12248,2023-07-13,Japan,Moderate,76
8830,12250,2023-07-13,Jordan,Good,36
8831,12251,2023-07-13,Kazakhstan,Very Unhealthy,219
8832,12252,2023-07-13,Kenya,Unhealthy for Sensitive Groups,102
8833,12254,2023-07-13,Kuwait,Unhealthy for Sensitive Groups,106
8834,12255,2023-07-13,Kyrgyzstan,Good,47
8835,12256,2023-07-13,Laos,Good,34
8836,12257,2023-07-13,Latvia,Good,16
8837,12260,2023-07-13,Liechtenstein,Good,9
8838,12261,2023-07-13,Lithuania,Good,48
8839,12263,2023-07-13,Macao,Good,46
8840,12264,2023-07-13,Macedonia,Moderate,55
8841,12265,2023-07-13,Madagascar,Good,42
8842,12266,2023-07-13,Malaysia,Moderate,55
8843,12267,2023-07-13,Malta,Moderate,58
8844,12268,2023-07-13,Martinique,Good,50
8845,12269,2023-07-13,Mexico,Moderate,80
8846,12270,2023-07-13,Moldova,Good,17
8847,12271,2023-07-13,Monaco,Moderate,64
8848,12272,2023-07-13,Mongolia,Moderate,62
8849,12273,2023-07-13,Montenegro,Good,48
8850,12274,2023-07-13,Myanmar,Good,42
8851,12275,2023-07-13,Nepal,Moderate,59
8852,12276,2023-07-13,Netherlands,Good,35
8853,12278,2023-07-13,New Zealand,Good,48
8854,12279,2023-07-13,Nigeria,Unhealthy for Sensitive Groups,109
8855,12280,2023-07-13,Norway,Good,25
8856,12281,2023-07-13,Pakistan,Moderate,73
8857,12282,2023-07-13,Palestinian Territory,Good,39
8858,12283,2023-07-13,Peru,Good,48
8859,12284,2023-07-13,Philippines,Good,50
8860,12285,2023-07-13,Poland,Moderate,67
8861,12286,2023-07-13,Portugal,Good,24
8862,12289,2023-07-13,Reunion,Good,23
8863,12290,2023-07-13,Romania,Moderate,83
8864,12291,2023-07-13,Russia,Moderate,68
8865,12292,2023-07-13,San Marino,Moderate,59
8866,12295,2023-07-13,Serbia,Moderate,65
8867,12296,2023-07-13,Singapore,Good,37
8868,12297,2023-07-13,Slovakia,Moderate,53
8869,12298,2023-07-13,Slovenia,Good,28
8870,12299,2023-07-13,South Africa,Unhealthy for Sensitive Groups,146
8871,12300,2023-07-13,South Korea,Moderate,70
8872,12301,2023-07-13,Spain,Moderate,83
8873,12302,2023-07-13,Sri Lanka,Good,42
8874,12303,2023-07-13,Sweden,Good,25
8875,12304,2023-07-13,Switzerland,Good,14
8876,12305,2023-07-13,Taiwan,Moderate,72
8877,12306,2023-07-13,Tajikistan,Moderate,100
8878,12307,2023-07-13,Thailand,Moderate,72
8879,12309,2023-07-13,Trinidad and Tobago,Good,37
8880,12310,2023-07-13,Turkey,Unhealthy for Sensitive Groups,125
8881,12311,2023-07-13,Uganda,Unhealthy for Sensitive Groups,129
8882,12312,2023-07-13,Ukraine,Moderate,69
8883,12313,2023-07-13,United Arab Emirates,Moderate,89
8884,12314,2023-07-13,United Kingdom of Great Britain and Northern Ireland,Good,36
8885,12315,2023-07-13,United States of America,Moderate,86
8886,12317,2023-07-13,Vatican,Moderate,59
8887,12319,2023-07-13,Vietnam,Moderate,69
8888,12323,2023-07-20,Andorra,Good,48
8889,12325,2023-07-20,Argentina,Good,41
8890,12326,2023-07-20,Armenia,Good,34
8891,12327,2023-07-20,Australia,Good,38
8892,12328,2023-07-20,Austria,Good,30
8893,12329,2023-07-20,Azerbaijan,Good,31
8894,12330,2023-07-20,Bangladesh,Unhealthy for Sensitive Groups,102
8895,12331,2023-07-20,Belarus,Good,30
8896,12332,2023-07-20,Belgium,Good,48
8897,12336,2023-07-20,Bosnia and Herzegovina,Moderate,59
8898,12337,2023-07-20,Brazil,Good,48
8899,12338,2023-07-20,Brunei,Good,13
8900,12339,2023-07-20,Bulgaria,Good,31
8901,12342,2023-07-20,Canada,Unhealthy for Sensitive Groups,125
8902,12343,2023-07-20,Cape Verde,Moderate,57
8903,12345,2023-07-20,Chile,Unhealthy,196
8904,12346,2023-07-20,China,Unhealthy,158
8905,12347,2023-07-20,Colombia,Moderate,59
8906,12349,2023-07-20,Croatia,Good,32
8907,12350,2023-07-20,Cyprus,Moderate,58
8908,12351,2023-07-20,Czech Republic,Moderate,57
8909,12352,2023-07-20,Denmark,Good,16
8910,12353,2023-07-20,Dominican Republic,Good,45
8911,12354,2023-07-20,Ecuador,Good,28
8912,12357,2023-07-20,Estonia,Good,16
8913,12358,2023-07-20,Ethiopia,Unhealthy,156
8914,12359,2023-07-20,Finland,Good,23
8915,12360,2023-07-20,France,Moderate,57
8916,12361,2023-07-20,French Guiana,Good,33
8917,12363,2023-07-20,Georgia,Good,43
8918,12364,2023-07-20,Germany,Moderate,55
8919,12365,2023-07-20,Ghana,Moderate,70
8920,12367,2023-07-20,Greece,Moderate,63
8921,12369,2023-07-20,Guadeloupe,Good,44
8922,12371,2023-07-20,Guatemala,Good,38
8923,12373,2023-07-20,Hong Kong,Good,34
8924,12374,2023-07-20,Iceland,Good,14
8925,12375,2023-07-20,India,Unhealthy for Sensitive Groups,139
8926,12376,2023-07-20,Indonesia,Moderate,89
8927,12378,2023-07-20,Ireland,Good,31
8928,12379,2023-07-20,Israel,Good,33
8929,12380,2023-07-20,Italy,Moderate,71
8930,12382,2023-07-20,Japan,Moderate,94
8931,12384,2023-07-20,Jordan,Good,36
8932,12385,2023-07-20,Kazakhstan,Unhealthy,181
8933,12386,2023-07-20,Kenya,Moderate,88
8934,12388,2023-07-20,Kuwait,Moderate,88
8935,12389,2023-07-20,Kyrgyzstan,Good,47
8936,12390,2023-07-20,Laos,Good,43
8937,12391,2023-07-20,Latvia,Good,6
8938,12394,2023-07-20,Liechtenstein,Good,17
8939,12395,2023-07-20,Lithuania,Good,21
8940,12397,2023-07-20,Macao,Good,50
8941,12398,2023-07-20,Macedonia,Moderate,53
8942,12399,2023-07-20,Madagascar,Moderate,84
8943,12400,2023-07-20,Malaysia,Moderate,59
8944,12401,2023-07-20,Malta,Moderate,82
8945,12402,2023-07-20,Martinique,Moderate,79
8946,12403,2023-07-20,Mexico,Moderate,86
8947,12404,2023-07-20,Moldova,Good,14
8948,12405,2023-07-20,Monaco,Moderate,59
8949,12406,2023-07-20,Mongolia,Moderate,55
8950,12407,2023-07-20,Montenegro,Good,47
8951,12408,2023-07-20,Myanmar,Good,41
8952,12409,2023-07-20,Nepal,Moderate,55
8953,12410,2023-07-20,Netherlands,Good,25
8954,12412,2023-07-20,New Zealand,Good,31
8955,12413,2023-07-20,Nigeria,Moderate,70
8956,12414,2023-07-20,Norway,Good,17
8957,12415,2023-07-20,Pakistan,Moderate,79
8958,12416,2023-07-20,Palestinian Territory,Moderate,84
8959,12417,2023-07-20,Peru,Moderate,58
8960,12418,2023-07-20,Philippines,Good,46
8961,12419,2023-07-20,Poland,Moderate,52
8962,12420,2023-07-20,Portugal,Good,22
8963,12423,2023-07-20,Reunion,Good,15
8964,12424,2023-07-20,Romania,Moderate,99
8965,12425,2023-07-20,Russia,Moderate,87
8966,12426,2023-07-20,San Marino,Moderate,76
8967,12429,2023-07-20,Serbia,Moderate,53
8968,12430,2023-07-20,Singapore,Good,33
8969,12431,2023-07-20,Slovakia,Moderate,51
8970,12432,2023-07-20,Slovenia,Good,32
8971,12433,2023-07-20,South Africa,Unhealthy,168
8972,12434,2023-07-20,South Korea,Unhealthy for Sensitive Groups,150
8973,12435,2023-07-20,Spain,Unhealthy for Sensitive Groups,107
8974,12436,2023-07-20,Sri Lanka,Good,33
8975,12437,2023-07-20,Sweden,Good,21
8976,12438,2023-07-20,Switzerland,Good,24
8977,12439,2023-07-20,Taiwan,Moderate,69
8978,12440,2023-07-20,Tajikistan,Moderate,81
8979,12441,2023-07-20,Thailand,Unhealthy for Sensitive Groups,102
8980,12443,2023-07-20,Trinidad and Tobago,Good,23
8981,12444,2023-07-20,Turkey,Moderate,94
8982,12445,2023-07-20,Uganda,Unhealthy,161
8983,12446,2023-07-20,Ukraine,Moderate,57
8984,12447,2023-07-20,United Arab Emirates,Moderate,99
8985,12448,2023-07-20,United Kingdom of Great Britain and Northern Ireland,Good,38
8986,12449,2023-07-20,United States of America,Moderate,98
8987,12451,2023-07-20,Vatican,Moderate,63
8988,12453,2023-07-20,Vietnam,Moderate,96
8989,12457,2023-07-27,Andorra,Good,11
8990,12459,2023-07-27,Argentina,Good,36
8991,12460,2023-07-27,Armenia,Moderate,54
8992,12461,2023-07-27,Australia,Moderate,56
8993,12462,2023-07-27,Austria,Good,18
8994,12463,2023-07-27,Azerbaijan,Good,44
8995,12464,2023-07-27,Bangladesh,Unhealthy for Sensitive Groups,102
8996,12465,2023-07-27,Belarus,Good,21
8997,12466,2023-07-27,Belgium,Good,20
8998,12470,2023-07-27,Bosnia and Herzegovina,Moderate,60
8999,12471,2023-07-27,Brazil,Unhealthy for Sensitive Groups,148
9000,12472,2023-07-27,Brunei,Good,32
9001,12473,2023-07-27,Bulgaria,Good,27
9002,12476,2023-07-27,Canada,Moderate,92
9003,12477,2023-07-27,Cape Verde,Moderate,54
9004,12479,2023-07-27,Chile,Unhealthy,189
9005,12480,2023-07-27,China,Unhealthy for Sensitive Groups,138
9006,12481,2023-07-27,Colombia,Moderate,78
9007,12483,2023-07-27,Croatia,Good,22
9008,12484,2023-07-27,Cyprus,Moderate,68
9009,12485,2023-07-27,Czech Republic,Good,40
9010,12486,2023-07-27,Denmark,Good,14
9011,12487,2023-07-27,Dominican Republic,Good,21
9012,12488,2023-07-27,Ecuador,Moderate,61
9013,12491,2023-07-27,Estonia,Good,14
9014,12492,2023-07-27,Ethiopia,Unhealthy for Sensitive Groups,146
9015,12493,2023-07-27,Finland,Good,31
9016,12494,2023-07-27,France,Good,42
9017,12495,2023-07-27,French Guiana,Good,15
9018,12497,2023-07-27,Georgia,Good,42
9019,12498,2023-07-27,Germany,Good,43
9020,12499,2023-07-27,Ghana,Moderate,53
9021,12501,2023-07-27,Greece,Good,50
9022,12503,2023-07-27,Guadeloupe,Good,17
9023,12505,2023-07-27,Guatemala,Moderate,75
9024,12507,2023-07-27,Hong Kong,Moderate,62
9025,12508,2023-07-27,Iceland,Good,10
9026,12509,2023-07-27,India,Unhealthy,160
9027,12510,2023-07-27,Indonesia,Unhealthy for Sensitive Groups,120
9028,12512,2023-07-27,Ireland,Good,15
9029,12513,2023-07-27,Israel,Moderate,77
9030,12514,2023-07-27,Italy,Moderate,61
9031,12516,2023-07-27,Japan,Unhealthy for Sensitive Groups,130
9032,12518,2023-07-27,Jordan,Good,42
9033,12519,2023-07-27,Kazakhstan,Moderate,69
9034,12520,2023-07-27,Kenya,Moderate,94
9035,12522,2023-07-27,Kuwait,Unhealthy for Sensitive Groups,111
9036,12523,2023-07-27,Kyrgyzstan,Good,49
9037,12524,2023-07-27,Laos,Good,41
9038,12525,2023-07-27,Latvia,Good,9
9039,12528,2023-07-27,Liechtenstein,Good,17
9040,12529,2023-07-27,Lithuania,Good,24
9041,12531,2023-07-27,Macao,Moderate,73
9042,12532,2023-07-27,Macedonia,Good,37
9043,12533,2023-07-27,Madagascar,Moderate,81
9044,12534,2023-07-27,Malaysia,Moderate,78
9045,12535,2023-07-27,Malta,Moderate,51
9046,12536,2023-07-27,Martinique,Good,39
9047,12537,2023-07-27,Mexico,Moderate,81
9048,12538,2023-07-27,Moldova,Good,23
9049,12539,2023-07-27,Monaco,Good,40
9050,12540,2023-07-27,Mongolia,Good,48
9051,12541,2023-07-27,Montenegro,Good,17
9052,12542,2023-07-27,Myanmar,Good,27
9053,12543,2023-07-27,Nepal,Good,49
9054,12544,2023-07-27,Netherlands,Good,22
9055,12545,2023-07-27,New Zealand,Good,38
9056,12546,2023-07-27,Nigeria,Moderate,87
9057,12547,2023-07-27,Norway,Good,22
9058,12548,2023-07-27,Pakistan,Moderate,56
9059,12549,2023-07-27,Palestinian Territory,Moderate,77
9060,12550,2023-07-27,Peru,Moderate,55
9061,12551,2023-07-27,Philippines,Good,39
9062,12552,2023-07-27,Poland,Moderate,57
9063,12553,2023-07-27,Portugal,Good,19
9064,12556,2023-07-27,Reunion,Good,14
9065,12557,2023-07-27,Romania,Moderate,51
9066,12558,2023-07-27,Russia,Moderate,71
9067,12559,2023-07-27,San Marino,Good,41
9068,12562,2023-07-27,Serbia,Good,38
9069,12563,2023-07-27,Singapore,Moderate,57
9070,12564,2023-07-27,Slovakia,Good,25
9071,12565,2023-07-27,Slovenia,Good,21
9072,12566,2023-07-27,South Africa,Unhealthy,164
9073,12567,2023-07-27,South Korea,Unhealthy for Sensitive Groups,102
9074,12568,2023-07-27,Spain,Moderate,70
9075,12569,2023-07-27,Sri Lanka,Good,34
9076,12570,2023-07-27,Sweden,Good,19
9077,12571,2023-07-27,Switzerland,Good,20
9078,12572,2023-07-27,Taiwan,Moderate,71
9079,12573,2023-07-27,Tajikistan,Moderate,98
9080,12574,2023-07-27,Thailand,Moderate,72
9081,12576,2023-07-27,Trinidad and Tobago,Good,39
9082,12577,2023-07-27,Turkey,Unhealthy for Sensitive Groups,115
9083,12578,2023-07-27,Uganda,Unhealthy for Sensitive Groups,141
9084,12579,2023-07-27,Ukraine,Moderate,62
9085,12580,2023-07-27,United Arab Emirates,Moderate,97
9086,12581,2023-07-27,United Kingdom of Great Britain and Northern Ireland,Good,37
9087,12582,2023-07-27,United States of America,Moderate,94
9088,12584,2023-07-27,Vatican,Moderate,65
9089,12586,2023-07-27,Vietnam,Unhealthy for Sensitive Groups,103
9090,12590,2023-08-03,Andorra,Good,38
9091,12592,2023-08-03,Argentina,Good,2
9092,12593,2023-08-03,Armenia,Good,30
9093,12594,2023-08-03,Australia,Good,48
9094,12595,2023-08-03,Austria,Good,42
9095,12596,2023-08-03,Azerbaijan,Good,46
9096,12598,2023-08-03,Bangladesh,Moderate,97
9097,12599,2023-08-03,Belarus,Good,13
9098,12600,2023-08-03,Belgium,Very Unhealthy,262
9099,12604,2023-08-03,Bosnia and Herzegovina,Moderate,63
9100,12605,2023-08-03,Brazil,Unhealthy,156
9101,12606,2023-08-03,Brunei,Good,12
9102,12607,2023-08-03,Bulgaria,Moderate,90
9103,12610,2023-08-03,Canada,Unhealthy for Sensitive Groups,102
9104,12611,2023-08-03,Cape Verde,Good,23
9105,12613,2023-08-03,Chile,Very Unhealthy,209
9106,12614,2023-08-03,China,Unhealthy for Sensitive Groups,146
9107,12615,2023-08-03,Colombia,Moderate,70
9108,12617,2023-08-03,Croatia,Good,39
9109,12618,2023-08-03,Cyprus,Moderate,52
9110,12619,2023-08-03,Czech Republic,Good,38
9111,12620,2023-08-03,Denmark,Good,11
9112,12621,2023-08-03,Dominican Republic,Good,15
9113,12622,2023-08-03,Ecuador,Good,41
9114,12624,2023-08-03,Estonia,Good,20
9115,12625,2023-08-03,Ethiopia,Unhealthy for Sensitive Groups,139
9116,12626,2023-08-03,Finland,Good,29
9117,12627,2023-08-03,France,Moderate,62
9118,12628,2023-08-03,French Guiana,Good,19
9119,12630,2023-08-03,Georgia,Good,18
9120,12631,2023-08-03,Germany,Hazardous,500
9121,12632,2023-08-03,Ghana,Good,16
9122,12634,2023-08-03,Greece,Moderate,86
9123,12636,2023-08-03,Guadeloupe,Good,15
9124,12637,2023-08-03,Guatemala,Good,36
9125,12639,2023-08-03,Hong Kong,Moderate,55
9126,12641,2023-08-03,Iceland,Good,12
9127,12642,2023-08-03,India,Unhealthy,156
9128,12643,2023-08-03,Indonesia,Unhealthy for Sensitive Groups,129
9129,12646,2023-08-03,Ireland,Good,22
9130,12647,2023-08-03,Israel,Moderate,78
9131,12648,2023-08-03,Italy,Moderate,71
9132,12650,2023-08-03,Japan,Unhealthy for Sensitive Groups,101
9133,12652,2023-08-03,Jordan,Good,35
9134,12653,2023-08-03,Kazakhstan,Very Unhealthy,204
9135,12654,2023-08-03,Kenya,Moderate,72
9136,12656,2023-08-03,Kuwait,Moderate,57
9137,12657,2023-08-03,Kyrgyzstan,Unhealthy,170
9138,12658,2023-08-03,Laos,Good,40
9139,12659,2023-08-03,Latvia,Good,17
9140,12661,2023-08-03,Liechtenstein,Good,8
9141,12662,2023-08-03,Lithuania,Good,42
9142,12664,2023-08-03,Macao,Good,46
9143,12665,2023-08-03,Macedonia,Moderate,54
9144,12666,2023-08-03,Madagascar,Good,28
9145,12667,2023-08-03,Malaysia,Moderate,74
9146,12668,2023-08-03,Malta,Good,33
9147,12669,2023-08-03,Martinique,Good,18
9148,12670,2023-08-03,Mexico,Very Unhealthy,202
9149,12671,2023-08-03,Moldova,Good,11
9150,12672,2023-08-03,Monaco,Good,24
9151,12673,2023-08-03,Mongolia,Good,39
9152,12674,2023-08-03,Montenegro,Good,31
9153,12675,2023-08-03,Myanmar,Good,41
9154,12676,2023-08-03,Nepal,Good,50
9155,12677,2023-08-03,Netherlands,Hazardous,419
9156,12678,2023-08-03,New Zealand,Good,39
9157,12679,2023-08-03,Nigeria,Good,41
9158,12680,2023-08-03,Norway,Good,30
9159,12681,2023-08-03,Pakistan,Moderate,86
9160,12682,2023-08-03,Palestinian Territory,Good,25
9161,12683,2023-08-03,Peru,Moderate,94
9162,12684,2023-08-03,Philippines,Good,50
9163,12685,2023-08-03,Poland,Moderate,71
9164,12686,2023-08-03,Portugal,Good,28
9165,12689,2023-08-03,Reunion,Good,11
9166,12690,2023-08-03,Romania,Unhealthy for Sensitive Groups,104
9167,12691,2023-08-03,Russia,Moderate,79
9168,12692,2023-08-03,San Marino,Good,45
9169,12693,2023-08-03,Serbia,Moderate,66
9170,12694,2023-08-03,Singapore,Good,48
9171,12695,2023-08-03,Slovakia,Good,31
9172,12696,2023-08-03,Slovenia,Good,36
9173,12697,2023-08-03,South Africa,Unhealthy for Sensitive Groups,141
9174,12698,2023-08-03,South Korea,Moderate,86
9175,12699,2023-08-03,Spain,Moderate,74
9176,12700,2023-08-03,Sri Lanka,Good,45
9177,12701,2023-08-03,Sweden,Good,32
9178,12702,2023-08-03,Switzerland,Good,26
9179,12703,2023-08-03,Taiwan,Moderate,65
9180,12704,2023-08-03,Tajikistan,Good,37
9181,12705,2023-08-03,Thailand,Moderate,86
9182,12707,2023-08-03,Trinidad and Tobago,Good,17
9183,12708,2023-08-03,Turkey,Moderate,92
9184,12709,2023-08-03,Uganda,Unhealthy for Sensitive Groups,139
9185,12710,2023-08-03,Ukraine,Good,48
9186,12711,2023-08-03,United Arab Emirates,Moderate,53
9187,12712,2023-08-03,United Kingdom of Great Britain and Northern Ireland,Very Unhealthy,274
9188,12713,2023-08-03,United States of America,Hazardous,470
9189,12715,2023-08-03,Vatican,Good,47
9190,12717,2023-08-03,Vietnam,Moderate,79
